sample_idx,prediction,ground_truth,cycles,inf_us,stack_used_bytes
0,1,0,125,1.7361,64
1,1,1,127,1.7639,64
2,1,1,107,1.4861,64
3,1,1,101,1.4028,64
4,1,1,109,1.5139,64
5,1,1,111,1.5417,64
6,1,1,114,1.5833,64
7,1,1,108,1.5,64
8,1,1,117,1.625,64
9,1,1,111,1.5417,64
10,1,1,120,1.6667,64
11,1,1,115,1.5972,64
12,1,1,112,1.5556,64
13,1,1,107,1.4861,64
14,0,0,112,1.5556,64
15,1,1,107,1.4861,64
16,1,1,106,1.4722,64
17,1,1,112,1.5556,64
18,1,0,98,1.3611,64
19,1,1,111,1.5417,64
20,1,1,117,1.625,64
21,1,1,117,1.625,64
22,1,1,120,1.6667,64
23,1,1,105,1.4583,64
24,1,1,112,1.5556,64
25,1,1,117,1.625,64
26,1,1,117,1.625,64
27,1,1,118,1.6389,64
28,1,1,109,1.5139,64
29,1,1,113,1.5694,64
30,1,1,119,1.6528,64
31,1,1,113,1.5694,64
32,1,1,133,1.8472,64
33,1,1,96,1.3333,64
34,1,1,109,1.5139,64
35,1,1,102,1.4167,64
36,1,1,110,1.5278,64
37,1,1,98,1.3611,64
38,1,1,119,1.6528,64
39,1,1,105,1.4583,64
40,1,1,111,1.5417,64
41,1,1,102,1.4167,64
42,1,1,115,1.5972,64
43,1,1,117,1.625,64
44,1,1,113,1.5694,64
45,1,1,111,1.5417,64
46,1,1,118,1.6389,64
47,1,1,127,1.7639,64
48,1,1,107,1.4861,64
49,1,0,104,1.4444,64
50,1,1,138,1.9167,64
51,1,1,124,1.7222,64
52,1,1,108,1.5,64
53,1,1,123,1.7083,64
54,1,1,120,1.6667,64
55,1,1,107,1.4861,64
56,1,1,117,1.625,64
57,1,1,115,1.5972,64
58,1,1,118,1.6389,64
59,1,1,120,1.6667,64
60,1,1,117,1.625,64
61,1,1,106,1.4722,64
62,1,1,110,1.5278,64
63,1,1,124,1.7222,64
64,1,1,123,1.7083,64
65,1,1,117,1.625,64
66,0,0,114,1.5833,64
67,1,1,102,1.4167,64
68,1,1,137,1.9028,64
69,1,1,117,1.625,64
70,1,1,123,1.7083,64
71,1,1,111,1.5417,64
72,1,1,110,1.5278,64
73,1,1,107,1.4861,64
74,1,1,111,1.5417,64
75,1,1,99,1.375,64
76,1,1,109,1.5139,64
77,1,1,112,1.5556,64
78,1,1,113,1.5694,64
79,1,1,110,1.5278,64
80,1,1,114,1.5833,64
81,1,1,122,1.6944,64
82,1,1,113,1.5694,64
83,1,1,119,1.6528,64
84,1,1,111,1.5417,64
85,1,1,114,1.5833,64
86,1,1,131,1.8194,64
87,1,1,121,1.6806,64
88,1,0,130,1.8056,64
89,1,1,125,1.7361,64
90,1,1,122,1.6944,64
91,1,1,107,1.4861,64
92,1,1,112,1.5556,64
93,1,1,103,1.4306,64
94,1,1,123,1.7083,64
95,1,1,117,1.625,64
96,1,1,101,1.4028,64
97,1,1,117,1.625,64
98,1,1,120,1.6667,64
99,1,1,118,1.6389,64
100,1,1,121,1.6806,64
101,1,1,108,1.5,64
102,1,1,108,1.5,64
103,1,1,115,1.5972,64
104,1,1,114,1.5833,64
105,1,1,112,1.5556,64
106,1,1,122,1.6944,64
107,1,1,109,1.5139,64
108,1,1,124,1.7222,64
109,1,1,113,1.5694,64
110,1,1,110,1.5278,64
111,1,1,126,1.75,64
112,1,1,114,1.5833,64
113,1,1,113,1.5694,64
114,1,1,115,1.5972,64
115,0,0,110,1.5278,64
116,1,1,114,1.5833,64
117,1,1,121,1.6806,64
118,1,1,121,1.6806,64
119,1,1,129,1.7917,64
120,1,1,132,1.8333,64
121,1,1,107,1.4861,64
122,1,1,115,1.5972,64
123,1,0,131,1.8194,64
124,1,1,116,1.6111,64
125,1,1,115,1.5972,64
126,1,1,118,1.6389,64
127,1,1,115,1.5972,64
128,1,1,119,1.6528,64
129,1,1,114,1.5833,64
130,1,1,126,1.75,64
131,1,1,104,1.4444,64
132,1,1,99,1.375,64
133,1,1,114,1.5833,64
134,0,0,107,1.4861,64
135,1,1,105,1.4583,64
136,1,1,105,1.4583,64
137,1,1,109,1.5139,64
138,1,1,110,1.5278,64
139,1,1,101,1.4028,64
140,1,1,111,1.5417,64
141,1,1,107,1.4861,64
142,1,1,118,1.6389,64
143,1,1,112,1.5556,64
144,1,1,108,1.5,64
145,1,1,124,1.7222,64
146,1,1,128,1.7778,64
147,1,1,103,1.4306,64
148,1,1,129,1.7917,64
149,1,1,118,1.6389,64
150,1,1,112,1.5556,64
151,1,1,123,1.7083,64
152,1,1,120,1.6667,64
153,1,1,107,1.4861,64
154,1,1,123,1.7083,64
155,1,1,113,1.5694,64
156,1,1,114,1.5833,64
157,1,1,103,1.4306,64
158,1,1,120,1.6667,64
159,1,1,131,1.8194,64
160,1,0,116,1.6111,64
161,1,1,125,1.7361,64
162,1,1,125,1.7361,64
163,1,1,112,1.5556,64
164,1,1,110,1.5278,64
165,1,1,106,1.4722,64
166,1,1,117,1.625,64
167,1,1,131,1.8194,64
168,1,1,115,1.5972,64
169,1,1,113,1.5694,64
170,1,1,105,1.4583,64
171,1,1,114,1.5833,64
172,1,1,109,1.5139,64
173,1,1,120,1.6667,64
174,1,1,98,1.3611,64
175,1,1,124,1.7222,64
176,1,1,116,1.6111,64
177,1,1,107,1.4861,64
178,1,1,120,1.6667,64
179,1,1,108,1.5,64
180,1,1,118,1.6389,64
181,1,1,105,1.4583,64
182,0,0,116,1.6111,64
183,1,1,109,1.5139,64
184,1,1,120,1.6667,64
185,1,1,113,1.5694,64
186,1,1,110,1.5278,64
187,1,1,107,1.4861,64
188,1,0,113,1.5694,64
189,1,1,110,1.5278,64
190,1,1,114,1.5833,64
191,1,1,105,1.4583,64
192,1,1,113,1.5694,64
193,1,1,109,1.5139,64
194,1,1,118,1.6389,64
195,1,1,112,1.5556,64
196,1,1,108,1.5,64
197,1,1,128,1.7778,64
198,0,0,120,1.6667,64
199,1,1,118,1.6389,64
200,1,1,122,1.6944,64
201,1,1,112,1.5556,64
202,1,1,129,1.7917,64
203,1,1,104,1.4444,64
204,1,1,118,1.6389,64
205,1,1,105,1.4583,64
206,1,1,110,1.5278,64
207,1,1,115,1.5972,64
208,1,1,123,1.7083,64
209,1,1,111,1.5417,64
210,1,1,110,1.5278,64
211,1,1,112,1.5556,64
212,1,1,113,1.5694,64
213,1,1,110,1.5278,64
214,1,1,115,1.5972,64
215,1,1,110,1.5278,64
216,1,0,119,1.6528,64
217,1,1,117,1.625,64
218,1,1,100,1.3889,64
219,1,1,115,1.5972,64
220,1,1,108,1.5,64
221,1,1,120,1.6667,64
222,1,1,119,1.6528,64
223,1,1,114,1.5833,64
224,1,1,113,1.5694,64
225,1,1,116,1.6111,64
226,1,1,89,1.2361,64
227,1,1,120,1.6667,64
228,1,1,114,1.5833,64
229,1,1,117,1.625,64
230,1,1,117,1.625,64
231,1,1,114,1.5833,64
232,1,1,113,1.5694,64
233,1,1,122,1.6944,64
234,1,1,122,1.6944,64
235,1,1,112,1.5556,64
236,1,1,119,1.6528,64
237,1,1,108,1.5,64
238,1,1,113,1.5694,64
239,1,1,115,1.5972,64
240,1,1,117,1.625,64
241,0,0,121,1.6806,64
242,1,1,106,1.4722,64
243,1,1,121,1.6806,64
244,1,1,123,1.7083,64
245,1,1,110,1.5278,64
246,1,1,116,1.6111,64
247,1,1,112,1.5556,64
248,1,1,124,1.7222,64
249,1,1,115,1.5972,64
250,1,1,122,1.6944,64
251,1,1,111,1.5417,64
252,1,1,106,1.4722,64
253,1,0,115,1.5972,64
254,1,1,115,1.5972,64
255,1,1,125,1.7361,64
256,1,1,136,1.8889,64
257,1,1,105,1.4583,64
258,1,1,116,1.6111,64
259,1,1,110,1.5278,64
260,1,1,115,1.5972,64
261,1,1,115,1.5972,64
262,1,1,120,1.6667,64
263,1,1,115,1.5972,64
264,1,1,112,1.5556,64
265,1,1,114,1.5833,64
266,1,1,115,1.5972,64
267,1,1,112,1.5556,64
268,0,0,105,1.4583,64
269,1,1,113,1.5694,64
270,1,1,121,1.6806,64
271,1,1,101,1.4028,64
272,1,1,102,1.4167,64
273,1,1,103,1.4306,64
274,1,1,109,1.5139,64
275,1,1,109,1.5139,64
276,1,1,112,1.5556,64
277,1,1,113,1.5694,64
278,1,1,119,1.6528,64
279,1,1,99,1.375,64
280,1,1,116,1.6111,64
281,1,0,119,1.6528,64
282,1,1,115,1.5972,64
283,1,1,114,1.5833,64
284,1,1,113,1.5694,64
285,1,1,112,1.5556,64
286,1,1,115,1.5972,64
287,1,1,119,1.6528,64
288,1,1,106,1.4722,64
289,1,1,128,1.7778,64
290,1,1,110,1.5278,64
291,1,1,120,1.6667,64
292,1,1,102,1.4167,64
293,1,1,101,1.4028,64
294,1,1,119,1.6528,64
295,1,1,124,1.7222,64
296,1,1,109,1.5139,64
297,1,1,102,1.4167,64
298,1,1,110,1.5278,64
299,1,1,103,1.4306,64
300,1,1,112,1.5556,64
301,1,1,112,1.5556,64
302,1,1,115,1.5972,64
303,1,1,121,1.6806,64
304,1,1,121,1.6806,64
305,1,1,118,1.6389,64
306,1,1,111,1.5417,64
307,1,1,115,1.5972,64
308,1,1,110,1.5278,64
309,1,1,128,1.7778,64
310,1,1,121,1.6806,64
311,1,1,112,1.5556,64
312,1,1,108,1.5,64
313,1,1,116,1.6111,64
314,1,1,123,1.7083,64
315,1,0,120,1.6667,64
316,1,1,111,1.5417,64
317,1,1,114,1.5833,64
318,1,1,106,1.4722,64
319,1,1,114,1.5833,64
320,1,1,115,1.5972,64
321,1,1,115,1.5972,64
322,1,1,116,1.6111,64
323,1,1,131,1.8194,64
324,1,1,110,1.5278,64
325,1,1,101,1.4028,64
326,1,1,122,1.6944,64
327,0,0,123,1.7083,64
328,1,1,105,1.4583,64
329,1,1,102,1.4167,64
330,1,1,107,1.4861,64
331,1,1,111,1.5417,64
332,1,1,109,1.5139,64
333,1,1,110,1.5278,64
334,1,1,119,1.6528,64
335,1,1,120,1.6667,64
336,1,1,113,1.5694,64
337,1,1,113,1.5694,64
338,1,1,112,1.5556,64
339,1,1,116,1.6111,64
340,1,1,108,1.5,64
341,1,1,127,1.7639,64
342,1,1,106,1.4722,64
343,1,1,102,1.4167,64
344,1,1,105,1.4583,64
345,1,1,110,1.5278,64
346,1,1,110,1.5278,64
347,1,1,121,1.6806,64
348,1,1,115,1.5972,64
349,1,1,117,1.625,64
350,1,1,103,1.4306,64
351,1,1,124,1.7222,64
352,1,1,101,1.4028,64
353,1,0,113,1.5694,64
354,1,1,133,1.8472,64
355,0,0,115,1.5972,64
356,1,1,121,1.6806,64
357,1,1,110,1.5278,64
358,1,1,120,1.6667,64
359,1,1,108,1.5,64
360,0,0,119,1.6528,64
361,1,1,124,1.7222,64
362,1,1,113,1.5694,64
363,1,1,109,1.5139,64
364,1,1,92,1.2778,64
365,1,1,113,1.5694,64
366,1,1,124,1.7222,64
367,1,1,124,1.7222,64
368,1,1,110,1.5278,64
369,1,1,110,1.5278,64
370,1,1,114,1.5833,64
371,1,1,125,1.7361,64
372,1,1,105,1.4583,64
373,1,1,118,1.6389,64
374,1,1,116,1.6111,64
375,1,1,99,1.375,64
376,1,1,107,1.4861,64
377,1,1,120,1.6667,64
378,1,1,106,1.4722,64
379,1,1,124,1.7222,64
380,1,1,118,1.6389,64
381,1,1,122,1.6944,64
382,1,1,126,1.75,64
383,1,1,109,1.5139,64
384,1,1,108,1.5,64
385,1,1,119,1.6528,64
386,1,1,118,1.6389,64
387,1,0,120,1.6667,64
388,1,1,115,1.5972,64
389,1,1,114,1.5833,64
390,1,1,116,1.6111,64
391,1,1,115,1.5972,64
392,1,1,109,1.5139,64
393,1,1,111,1.5417,64
394,1,1,113,1.5694,64
395,1,1,104,1.4444,64
396,0,0,112,1.5556,64
397,1,1,125,1.7361,64
398,1,1,119,1.6528,64
399,1,1,121,1.6806,64
400,1,1,107,1.4861,64
401,1,1,122,1.6944,64
402,1,1,113,1.5694,64
403,1,1,99,1.375,64
404,1,1,120,1.6667,64
405,1,1,108,1.5,64
406,1,1,115,1.5972,64
407,1,1,123,1.7083,64
408,1,1,114,1.5833,64
409,1,1,111,1.5417,64
410,1,1,112,1.5556,64
411,1,1,120,1.6667,64
412,1,1,121,1.6806,64
413,1,1,117,1.625,64
414,1,1,100,1.3889,64
415,1,1,111,1.5417,64
416,1,1,115,1.5972,64
417,1,1,121,1.6806,64
418,1,0,106,1.4722,64
419,1,1,117,1.625,64
420,1,1,115,1.5972,64
421,1,1,123,1.7083,64
422,1,1,115,1.5972,64
423,1,1,121,1.6806,64
424,1,1,100,1.3889,64
425,1,1,114,1.5833,64
426,1,1,117,1.625,64
427,1,1,112,1.5556,64
428,1,1,112,1.5556,64
429,1,1,107,1.4861,64
430,1,1,122,1.6944,64
431,1,1,123,1.7083,64
432,1,1,125,1.7361,64
433,1,1,104,1.4444,64
434,1,1,109,1.5139,64
435,1,1,107,1.4861,64
436,1,1,115,1.5972,64
437,0,0,110,1.5278,64
438,1,1,119,1.6528,64
439,1,1,109,1.5139,64
440,1,1,121,1.6806,64
441,1,1,112,1.5556,64
442,1,1,115,1.5972,64
443,1,1,117,1.625,64
444,1,1,120,1.6667,64
445,1,1,112,1.5556,64
446,1,1,127,1.7639,64
447,1,1,113,1.5694,64
448,1,0,123,1.7083,64
449,1,1,115,1.5972,64
450,1,1,110,1.5278,64
451,1,1,118,1.6389,64
452,1,1,113,1.5694,64
453,1,1,106,1.4722,64
454,1,1,103,1.4306,64
455,1,1,118,1.6389,64
456,1,1,116,1.6111,64
457,1,1,120,1.6667,64
458,1,1,119,1.6528,64
459,1,1,114,1.5833,64
460,1,1,113,1.5694,64
461,1,1,99,1.375,64
462,0,0,111,1.5417,64
463,1,1,113,1.5694,64
464,1,1,113,1.5694,64
465,1,1,110,1.5278,64
466,1,1,112,1.5556,64
467,1,1,125,1.7361,64
468,1,1,119,1.6528,64
469,1,1,118,1.6389,64
470,1,1,123,1.7083,64
471,1,1,116,1.6111,64
472,1,1,100,1.3889,64
473,1,1,115,1.5972,64
474,1,1,124,1.7222,64
475,1,1,109,1.5139,64
476,1,1,129,1.7917,64
477,1,1,110,1.5278,64
478,1,1,110,1.5278,64
479,1,1,124,1.7222,64
480,1,1,125,1.7361,64
481,1,1,125,1.7361,64
482,1,0,104,1.4444,64
483,1,1,113,1.5694,64
484,1,1,120,1.6667,64
485,1,1,106,1.4722,64
486,1,1,126,1.75,64
487,1,1,121,1.6806,64
488,1,1,111,1.5417,64
489,1,1,111,1.5417,64
490,1,1,115,1.5972,64
491,1,1,110,1.5278,64
492,1,1,108,1.5,64
493,1,1,111,1.5417,64
494,1,1,114,1.5833,64
495,1,1,110,1.5278,64
496,1,1,122,1.6944,64
497,1,1,118,1.6389,64
498,1,1,112,1.5556,64
499,1,1,112,1.5556,64
