source,target,relation,weight
FSW_DB_VER,https://sensorwf.org/ontologies/satellite#OnBoardDataHandling,evidenceForClass,0.001
CMD_RCV_CNT,https://sensorwf.org/ontologies/satellite#OnBoardDataHandling,evidenceForClass,0.001
CMD_ACC_CNT,https://sensorwf.org/ontologies/satellite#OnBoardDataHandling,evidenceForClass,0.001
CMD_REJ_CNT,https://sensorwf.org/ontologies/satellite#OnBoardDataHandling,evidenceForClass,0.001
CMD_INC_CNT,https://sensorwf.org/ontologies/satellite#OnBoardDataHandling,evidenceForClass,0.001
PLATFORM_PWR_STATUS,https://sensorwf.org/ontologies/satellite#ElectricalPowerSubsystem,evidenceForClass,0.001
ADCS_PWR_STATUS,https://sensorwf.org/ontologies/satellite#ElectricalPowerSubsystem,evidenceForClass,0.001
PAYLOAD_PWR_STATUS,https://sensorwf.org/ontologies/satellite#ElectricalPowerSubsystem,evidenceForClass,0.001
SPR_PWR_STATUS,https://sensorwf.org/ontologies/satellite#ElectricalPowerSubsystem,evidenceForClass,0.001
SOLAR_V,https://sensorwf.org/ontologies/satellite#ElectricalPowerSubsystem,evidenceForClass,0.001
SOLAR_S,https://sensorwf.org/ontologies/satellite#ElectricalPowerSubsystem,evidenceForClass,0.001
EXT_V,https://sensorwf.org/ontologies/satellite#ElectricalPowerSubsystem,evidenceForClass,0.001
EXT_S,https://sensorwf.org/ontologies/satellite#ElectricalPowerSubsystem,evidenceForClass,0.001
BATT_CHR_V,https://sensorwf.org/ontologies/satellite#ElectricalPowerSubsystem,evidenceForClass,0.001
BATT_CHR_I,https://sensorwf.org/ontologies/satellite#ElectricalPowerSubsystem,evidenceForClass,0.001
BATT_CHR_STATUS,https://sensorwf.org/ontologies/satellite#ElectricalPowerSubsystem,evidenceForClass,0.001
SYS_V,https://sensorwf.org/ontologies/satellite#ElectricalPowerSubsystem,evidenceForClass,0.001
SYS_I,https://sensorwf.org/ontologies/satellite#ElectricalPowerSubsystem,evidenceForClass,0.001
PLAT_5V_V,https://sensorwf.org/ontologies/satellite#ElectricalPowerSubsystem,evidenceForClass,0.001
PLAT_5V_I,https://sensorwf.org/ontologies/satellite#ElectricalPowerSubsystem,evidenceForClass,0.001
OBC_PWR_V,https://sensorwf.org/ontologies/satellite#ElectricalPowerSubsystem,evidenceForClass,0.001
OBC_PWR_I,https://sensorwf.org/ontologies/satellite#ElectricalPowerSubsystem,evidenceForClass,0.001
ADCS_PROC_PWR_V,https://sensorwf.org/ontologies/satellite#ElectricalPowerSubsystem,evidenceForClass,0.001
ADCS_PROC_PWR_I,https://sensorwf.org/ontologies/satellite#ElectricalPowerSubsystem,evidenceForClass,0.001
ADCS_PER_PWR_V,https://sensorwf.org/ontologies/satellite#ElectricalPowerSubsystem,evidenceForClass,0.001
ADCS_PER_PWR_I,https://sensorwf.org/ontologies/satellite#ElectricalPowerSubsystem,evidenceForClass,0.001
COMMS_PWR_V,https://sensorwf.org/ontologies/satellite#ElectricalPowerSubsystem,evidenceForClass,0.001
COMMS_PWR_I,https://sensorwf.org/ontologies/satellite#ElectricalPowerSubsystem,evidenceForClass,0.001
TEMP_SOLAR,https://sensorwf.org/ontologies/satellite#ThermalControlSubsystem,evidenceForClass,0.001
TEMP_EPS,https://sensorwf.org/ontologies/satellite#ThermalControlSubsystem,evidenceForClass,0.001
TEMP_BATTERY,https://sensorwf.org/ontologies/satellite#ThermalControlSubsystem,evidenceForClass,0.001
TEMP_BACKPLANE,https://sensorwf.org/ontologies/satellite#OnBoardDataHandling,evidenceForClass,0.001
TEMP_OBDH,https://sensorwf.org/ontologies/satellite#OnBoardDataHandling,evidenceForClass,0.001
TEMP_ADCS,https://sensorwf.org/ontologies/satellite#ThermalControlSubsystem,evidenceForClass,0.001
TEMP_WHEEL,https://sensorwf.org/ontologies/satellite#ThermalControlSubsystem,evidenceForClass,0.001
TEMP_COMMS,https://sensorwf.org/ontologies/satellite#ThermalControlSubsystem,evidenceForClass,0.001
TEMP_PAYLOAD,https://sensorwf.org/ontologies/satellite#ThermalControlSubsystem,evidenceForClass,0.001
TEMP_EPS_L,https://sensorwf.org/ontologies/satellite#ThermalControlSubsystem,evidenceForClass,0.001
TEMP_OBDH_L,https://sensorwf.org/ontologies/satellite#OnBoardDataHandling,evidenceForClass,0.001
TEMP_ADCS_L,https://sensorwf.org/ontologies/satellite#ThermalControlSubsystem,evidenceForClass,0.001
TEMP_WHEEL_L,https://sensorwf.org/ontologies/satellite#AttitudeDeterminationAndControlSubsystem,evidenceForClass,0.001
TEMP_COMMS_L,https://sensorwf.org/ontologies/satellite#ThermalControlSubsystem,evidenceForClass,0.001
TEMP_PAYLOAD_L,https://sensorwf.org/ontologies/satellite#ThermalControlSubsystem,evidenceForClass,0.001
FREQ,https://sensorwf.org/ontologies/satellite#CommunicationsSubsystem,evidenceForClass,0.001
RSSI,https://sensorwf.org/ontologies/satellite#CommunicationsSubsystem,evidenceForClass,0.001
TX_POWER,https://sensorwf.org/ontologies/satellite#CommunicationsSubsystem,evidenceForClass,0.001
FRAME_ERR,https://sensorwf.org/ontologies/satellite#CommunicationsSubsystem,evidenceForClass,0.001
THERMISTOR_ROD_1,https://sensorwf.org/ontologies/satellite#ThermalControlSubsystem,evidenceForClass,0.001
THERMISTOR_ROD_2,https://sensorwf.org/ontologies/satellite#ThermalControlSubsystem,evidenceForClass,0.001
THERMISTOR_ROD_3,https://sensorwf.org/ontologies/satellite#ThermalControlSubsystem,evidenceForClass,0.001
THERMISTOR_ROD_4,https://sensorwf.org/ontologies/satellite#ThermalControlSubsystem,evidenceForClass,0.001
THERMISTOR_ROD_5,https://sensorwf.org/ontologies/satellite#ThermalControlSubsystem,evidenceForClass,0.001
THERMISTOR_ROD_6,https://sensorwf.org/ontologies/satellite#ThermalControlSubsystem,evidenceForClass,0.001
THERMISTOR_ROD_7,https://sensorwf.org/ontologies/satellite#ThermalControlSubsystem,evidenceForClass,0.001
THERMISTOR_ROD_8,https://sensorwf.org/ontologies/satellite#ThermalControlSubsystem,evidenceForClass,0.001
THERMISTOR_ROD_9,https://sensorwf.org/ontologies/satellite#ThermalControlSubsystem,evidenceForClass,0.001
THERMISTOR_ROD_10,https://sensorwf.org/ontologies/satellite#ThermalControlSubsystem,evidenceForClass,0.001
THERMISTOR_ROD_11,https://sensorwf.org/ontologies/satellite#ThermalControlSubsystem,evidenceForClass,0.001
THERMISTOR_ROD_12,https://sensorwf.org/ontologies/satellite#ThermalControlSubsystem,evidenceForClass,0.001
THERMISTOR_ROD_13,https://sensorwf.org/ontologies/satellite#ThermalControlSubsystem,evidenceForClass,0.001
THERMISTOR_ROD_14,https://sensorwf.org/ontologies/satellite#ThermalControlSubsystem,evidenceForClass,0.001
THERMISTOR_ROD_15,https://sensorwf.org/ontologies/satellite#ThermalControlSubsystem,evidenceForClass,0.001
THERMISTOR_ROD_16,https://sensorwf.org/ontologies/satellite#ThermalControlSubsystem,evidenceForClass,0.001
THERMISTOR_BATH_1,https://sensorwf.org/ontologies/satellite#ThermalControlSubsystem,evidenceForClass,0.001
THERMISTOR_BATH_2,https://sensorwf.org/ontologies/satellite#ThermalControlSubsystem,evidenceForClass,0.001
THERMISTOR_BATH_3,https://sensorwf.org/ontologies/satellite#ThermalControlSubsystem,evidenceForClass,0.001
THERMISTOR_EXP3,https://sensorwf.org/ontologies/satellite#ThermalControlSubsystem,evidenceForClass,0.001
THERMISTOR_HEATER,https://sensorwf.org/ontologies/satellite#ThermalControlSubsystem,evidenceForClass,0.001
PWR_SW_VERSION,https://sensorwf.org/ontologies/satellite#ElectricalPowerSubsystem,evidenceForClass,0.001
COMMS_SW_VERSION,https://sensorwf.org/ontologies/satellite#CommunicationsSubsystem,evidenceForClass,0.001
PWR_SYS,https://sensorwf.org/ontologies/satellite#ElectricalPowerSubsystem,evidenceForClass,0.001
PWR_PLAT_5V,https://sensorwf.org/ontologies/satellite#ElectricalPowerSubsystem,evidenceForClass,0.001
PWR_OBC_PWR,https://sensorwf.org/ontologies/satellite#ElectricalPowerSubsystem,evidenceForClass,0.001
PWR_COMMS_PWR,https://sensorwf.org/ontologies/satellite#ElectricalPowerSubsystem,evidenceForClass,0.001
ACCEL_X,https://sensorwf.org/ontologies/satellite#AttitudeDeterminationAndControlSubsystem,evidenceForClass,0.001
ACCEL_Y,https://sensorwf.org/ontologies/satellite#AttitudeDeterminationAndControlSubsystem,evidenceForClass,0.001
ACCEL_Z,https://sensorwf.org/ontologies/satellite#AttitudeDeterminationAndControlSubsystem,evidenceForClass,0.001
GYRO_X,https://sensorwf.org/ontologies/satellite#AttitudeDeterminationAndControlSubsystem,evidenceForClass,0.001
GYRO_Y,https://sensorwf.org/ontologies/satellite#AttitudeDeterminationAndControlSubsystem,evidenceForClass,0.001
GYRO_Z,https://sensorwf.org/ontologies/satellite#AttitudeDeterminationAndControlSubsystem,evidenceForClass,0.001
MAG_X,https://sensorwf.org/ontologies/satellite#AttitudeDeterminationAndControlSubsystem,evidenceForClass,0.001
MAG_Y,https://sensorwf.org/ontologies/satellite#AttitudeDeterminationAndControlSubsystem,evidenceForClass,0.001
MAG_Z,https://sensorwf.org/ontologies/satellite#AttitudeDeterminationAndControlSubsystem,evidenceForClass,0.001
SUN_SENSOR_1a,https://sensorwf.org/ontologies/satellite#AttitudeDeterminationAndControlSubsystem,evidenceForClass,0.001
SUN_SENSOR_1b,https://sensorwf.org/ontologies/satellite#AttitudeDeterminationAndControlSubsystem,evidenceForClass,0.001
SUN_SENSOR_2a,https://sensorwf.org/ontologies/satellite#AttitudeDeterminationAndControlSubsystem,evidenceForClass,0.001
SUN_SENSOR_2b,https://sensorwf.org/ontologies/satellite#AttitudeDeterminationAndControlSubsystem,evidenceForClass,0.001
SUN_SENSOR_3a,https://sensorwf.org/ontologies/satellite#AttitudeDeterminationAndControlSubsystem,evidenceForClass,0.001
SUN_SENSOR_3b,https://sensorwf.org/ontologies/satellite#AttitudeDeterminationAndControlSubsystem,evidenceForClass,0.001
SUN_SENSOR_4a,https://sensorwf.org/ontologies/satellite#AttitudeDeterminationAndControlSubsystem,evidenceForClass,0.001
SUN_SENSOR_4b,https://sensorwf.org/ontologies/satellite#AttitudeDeterminationAndControlSubsystem,evidenceForClass,0.001
SUN_ANGLE,https://sensorwf.org/ontologies/satellite#AttitudeDeterminationAndControlSubsystem,evidenceForClass,0.001
WHEEL_SPEED,https://sensorwf.org/ontologies/satellite#AttitudeDeterminationAndControlSubsystem,evidenceForClass,0.001
MAG_DEPLOYMENT_STATUS,https://sensorwf.org/ontologies/satellite#AttitudeDeterminationAndControlSubsystem,evidenceForClass,0.001
d_FSW_DB_VER,https://sensorwf.org/ontologies/satellite#OnBoardDataHandling,evidenceForClass,0.001
d_CMD_RCV_CNT,https://sensorwf.org/ontologies/satellite#OnBoardDataHandling,evidenceForClass,0.001
d_CMD_ACC_CNT,https://sensorwf.org/ontologies/satellite#OnBoardDataHandling,evidenceForClass,0.001
d_CMD_REJ_CNT,https://sensorwf.org/ontologies/satellite#OnBoardDataHandling,evidenceForClass,0.001
d_CMD_INC_CNT,https://sensorwf.org/ontologies/satellite#OnBoardDataHandling,evidenceForClass,0.001
d_PLATFORM_PWR_STATUS,https://sensorwf.org/ontologies/satellite#ElectricalPowerSubsystem,evidenceForClass,0.001
d_ADCS_PWR_STATUS,https://sensorwf.org/ontologies/satellite#ElectricalPowerSubsystem,evidenceForClass,0.001
d_PAYLOAD_PWR_STATUS,https://sensorwf.org/ontologies/satellite#ElectricalPowerSubsystem,evidenceForClass,0.001
d_SPR_PWR_STATUS,https://sensorwf.org/ontologies/satellite#ElectricalPowerSubsystem,evidenceForClass,0.001
d_SOLAR_V,https://sensorwf.org/ontologies/satellite#ElectricalPowerSubsystem,evidenceForClass,0.001
d_SOLAR_S,https://sensorwf.org/ontologies/satellite#ElectricalPowerSubsystem,evidenceForClass,0.001
d_EXT_V,https://sensorwf.org/ontologies/satellite#ElectricalPowerSubsystem,evidenceForClass,0.001
d_EXT_S,https://sensorwf.org/ontologies/satellite#ElectricalPowerSubsystem,evidenceForClass,0.001
d_BATT_CHR_V,https://sensorwf.org/ontologies/satellite#ElectricalPowerSubsystem,evidenceForClass,0.001
d_BATT_CHR_I,https://sensorwf.org/ontologies/satellite#ElectricalPowerSubsystem,evidenceForClass,0.001
d_BATT_CHR_STATUS,https://sensorwf.org/ontologies/satellite#ElectricalPowerSubsystem,evidenceForClass,0.001
d_SYS_V,https://sensorwf.org/ontologies/satellite#ElectricalPowerSubsystem,evidenceForClass,0.001
d_SYS_I,https://sensorwf.org/ontologies/satellite#ElectricalPowerSubsystem,evidenceForClass,0.001
d_PLAT_5V_V,https://sensorwf.org/ontologies/satellite#ElectricalPowerSubsystem,evidenceForClass,0.001
d_PLAT_5V_I,https://sensorwf.org/ontologies/satellite#ElectricalPowerSubsystem,evidenceForClass,0.001
d_OBC_PWR_V,https://sensorwf.org/ontologies/satellite#ElectricalPowerSubsystem,evidenceForClass,0.001
d_OBC_PWR_I,https://sensorwf.org/ontologies/satellite#ElectricalPowerSubsystem,evidenceForClass,0.001
d_ADCS_PROC_PWR_V,https://sensorwf.org/ontologies/satellite#ElectricalPowerSubsystem,evidenceForClass,0.001
d_ADCS_PROC_PWR_I,https://sensorwf.org/ontologies/satellite#ElectricalPowerSubsystem,evidenceForClass,0.001
d_ADCS_PER_PWR_V,https://sensorwf.org/ontologies/satellite#ElectricalPowerSubsystem,evidenceForClass,0.001
d_ADCS_PER_PWR_I,https://sensorwf.org/ontologies/satellite#ElectricalPowerSubsystem,evidenceForClass,0.001
d_COMMS_PWR_V,https://sensorwf.org/ontologies/satellite#ElectricalPowerSubsystem,evidenceForClass,0.001
d_COMMS_PWR_I,https://sensorwf.org/ontologies/satellite#ElectricalPowerSubsystem,evidenceForClass,0.001
d_TEMP_SOLAR,https://sensorwf.org/ontologies/satellite#ThermalControlSubsystem,evidenceForClass,0.001
d_TEMP_EPS,https://sensorwf.org/ontologies/satellite#ThermalControlSubsystem,evidenceForClass,0.001
d_TEMP_BATTERY,https://sensorwf.org/ontologies/satellite#ThermalControlSubsystem,evidenceForClass,0.001
d_TEMP_BACKPLANE,https://sensorwf.org/ontologies/satellite#OnBoardDataHandling,evidenceForClass,0.001
d_TEMP_OBDH,https://sensorwf.org/ontologies/satellite#OnBoardDataHandling,evidenceForClass,0.001
d_TEMP_ADCS,https://sensorwf.org/ontologies/satellite#ThermalControlSubsystem,evidenceForClass,0.001
d_TEMP_WHEEL,https://sensorwf.org/ontologies/satellite#ThermalControlSubsystem,evidenceForClass,0.001
d_TEMP_COMMS,https://sensorwf.org/ontologies/satellite#ThermalControlSubsystem,evidenceForClass,0.001
d_TEMP_PAYLOAD,https://sensorwf.org/ontologies/satellite#ThermalControlSubsystem,evidenceForClass,0.001
d_TEMP_EPS_L,https://sensorwf.org/ontologies/satellite#ThermalControlSubsystem,evidenceForClass,0.001
d_TEMP_OBDH_L,https://sensorwf.org/ontologies/satellite#OnBoardDataHandling,evidenceForClass,0.001
d_TEMP_ADCS_L,https://sensorwf.org/ontologies/satellite#ThermalControlSubsystem,evidenceForClass,0.001
d_TEMP_WHEEL_L,https://sensorwf.org/ontologies/satellite#AttitudeDeterminationAndControlSubsystem,evidenceForClass,0.001
d_TEMP_COMMS_L,https://sensorwf.org/ontologies/satellite#ThermalControlSubsystem,evidenceForClass,0.001
d_TEMP_PAYLOAD_L,https://sensorwf.org/ontologies/satellite#ThermalControlSubsystem,evidenceForClass,0.001
d_FREQ,https://sensorwf.org/ontologies/satellite#CommunicationsSubsystem,evidenceForClass,0.001
d_RSSI,https://sensorwf.org/ontologies/satellite#CommunicationsSubsystem,evidenceForClass,0.001
d_TX_POWER,https://sensorwf.org/ontologies/satellite#CommunicationsSubsystem,evidenceForClass,0.001
d_FRAME_ERR,https://sensorwf.org/ontologies/satellite#CommunicationsSubsystem,evidenceForClass,0.001
d_THERMISTOR_ROD_1,https://sensorwf.org/ontologies/satellite#ThermalControlSubsystem,evidenceForClass,0.001
d_THERMISTOR_ROD_2,https://sensorwf.org/ontologies/satellite#ThermalControlSubsystem,evidenceForClass,0.001
d_THERMISTOR_ROD_3,https://sensorwf.org/ontologies/satellite#ThermalControlSubsystem,evidenceForClass,0.001
d_THERMISTOR_ROD_4,https://sensorwf.org/ontologies/satellite#ThermalControlSubsystem,evidenceForClass,0.001
d_THERMISTOR_ROD_5,https://sensorwf.org/ontologies/satellite#ThermalControlSubsystem,evidenceForClass,0.001
d_THERMISTOR_ROD_6,https://sensorwf.org/ontologies/satellite#ThermalControlSubsystem,evidenceForClass,0.001
d_THERMISTOR_ROD_7,https://sensorwf.org/ontologies/satellite#ThermalControlSubsystem,evidenceForClass,0.001
d_THERMISTOR_ROD_8,https://sensorwf.org/ontologies/satellite#ThermalControlSubsystem,evidenceForClass,0.001
d_THERMISTOR_ROD_9,https://sensorwf.org/ontologies/satellite#ThermalControlSubsystem,evidenceForClass,0.001
d_THERMISTOR_ROD_10,https://sensorwf.org/ontologies/satellite#ThermalControlSubsystem,evidenceForClass,0.001
d_THERMISTOR_ROD_11,https://sensorwf.org/ontologies/satellite#ThermalControlSubsystem,evidenceForClass,0.001
d_THERMISTOR_ROD_12,https://sensorwf.org/ontologies/satellite#ThermalControlSubsystem,evidenceForClass,0.001
d_THERMISTOR_ROD_13,https://sensorwf.org/ontologies/satellite#ThermalControlSubsystem,evidenceForClass,0.001
d_THERMISTOR_ROD_14,https://sensorwf.org/ontologies/satellite#ThermalControlSubsystem,evidenceForClass,0.001
d_THERMISTOR_ROD_15,https://sensorwf.org/ontologies/satellite#ThermalControlSubsystem,evidenceForClass,0.001
d_THERMISTOR_ROD_16,https://sensorwf.org/ontologies/satellite#ThermalControlSubsystem,evidenceForClass,0.001
d_THERMISTOR_BATH_1,https://sensorwf.org/ontologies/satellite#ThermalControlSubsystem,evidenceForClass,0.001
d_THERMISTOR_BATH_2,https://sensorwf.org/ontologies/satellite#ThermalControlSubsystem,evidenceForClass,0.001
d_THERMISTOR_BATH_3,https://sensorwf.org/ontologies/satellite#ThermalControlSubsystem,evidenceForClass,0.001
d_THERMISTOR_EXP3,https://sensorwf.org/ontologies/satellite#ThermalControlSubsystem,evidenceForClass,0.001
d_THERMISTOR_HEATER,https://sensorwf.org/ontologies/satellite#ThermalControlSubsystem,evidenceForClass,0.001
d_PWR_SW_VERSION,https://sensorwf.org/ontologies/satellite#ElectricalPowerSubsystem,evidenceForClass,0.001
d_COMMS_SW_VERSION,https://sensorwf.org/ontologies/satellite#CommunicationsSubsystem,evidenceForClass,0.001
d_PWR_SYS,https://sensorwf.org/ontologies/satellite#ElectricalPowerSubsystem,evidenceForClass,0.001
d_PWR_PLAT_5V,https://sensorwf.org/ontologies/satellite#ElectricalPowerSubsystem,evidenceForClass,0.001
d_PWR_OBC_PWR,https://sensorwf.org/ontologies/satellite#ElectricalPowerSubsystem,evidenceForClass,0.001
d_PWR_COMMS_PWR,https://sensorwf.org/ontologies/satellite#ElectricalPowerSubsystem,evidenceForClass,0.001
d_ACCEL_X,https://sensorwf.org/ontologies/satellite#AttitudeDeterminationAndControlSubsystem,evidenceForClass,0.001
d_ACCEL_Y,https://sensorwf.org/ontologies/satellite#AttitudeDeterminationAndControlSubsystem,evidenceForClass,0.001
d_ACCEL_Z,https://sensorwf.org/ontologies/satellite#AttitudeDeterminationAndControlSubsystem,evidenceForClass,0.001
d_GYRO_X,https://sensorwf.org/ontologies/satellite#AttitudeDeterminationAndControlSubsystem,evidenceForClass,0.001
d_GYRO_Y,https://sensorwf.org/ontologies/satellite#AttitudeDeterminationAndControlSubsystem,evidenceForClass,0.001
d_GYRO_Z,https://sensorwf.org/ontologies/satellite#AttitudeDeterminationAndControlSubsystem,evidenceForClass,0.001
d_MAG_X,https://sensorwf.org/ontologies/satellite#AttitudeDeterminationAndControlSubsystem,evidenceForClass,0.001
d_MAG_Y,https://sensorwf.org/ontologies/satellite#AttitudeDeterminationAndControlSubsystem,evidenceForClass,0.001
d_MAG_Z,https://sensorwf.org/ontologies/satellite#AttitudeDeterminationAndControlSubsystem,evidenceForClass,0.001
d_SUN_SENSOR_1a,https://sensorwf.org/ontologies/satellite#AttitudeDeterminationAndControlSubsystem,evidenceForClass,0.001
d_SUN_SENSOR_1b,https://sensorwf.org/ontologies/satellite#AttitudeDeterminationAndControlSubsystem,evidenceForClass,0.001
d_SUN_SENSOR_2a,https://sensorwf.org/ontologies/satellite#AttitudeDeterminationAndControlSubsystem,evidenceForClass,0.001
d_SUN_SENSOR_2b,https://sensorwf.org/ontologies/satellite#AttitudeDeterminationAndControlSubsystem,evidenceForClass,0.001
d_SUN_SENSOR_3a,https://sensorwf.org/ontologies/satellite#AttitudeDeterminationAndControlSubsystem,evidenceForClass,0.001
d_SUN_SENSOR_3b,https://sensorwf.org/ontologies/satellite#AttitudeDeterminationAndControlSubsystem,evidenceForClass,0.001
d_SUN_SENSOR_4a,https://sensorwf.org/ontologies/satellite#AttitudeDeterminationAndControlSubsystem,evidenceForClass,0.001
d_SUN_SENSOR_4b,https://sensorwf.org/ontologies/satellite#AttitudeDeterminationAndControlSubsystem,evidenceForClass,0.001
d_SUN_ANGLE,https://sensorwf.org/ontologies/satellite#AttitudeDeterminationAndControlSubsystem,evidenceForClass,0.001
d_WHEEL_SPEED,https://sensorwf.org/ontologies/satellite#AttitudeDeterminationAndControlSubsystem,evidenceForClass,0.001
d_MAG_DEPLOYMENT_STATUS,https://sensorwf.org/ontologies/satellite#AttitudeDeterminationAndControlSubsystem,evidenceForClass,0.001
rm_FSW_DB_VER,https://sensorwf.org/ontologies/satellite#OnBoardDataHandling,evidenceForClass,0.001
rm_CMD_RCV_CNT,https://sensorwf.org/ontologies/satellite#OnBoardDataHandling,evidenceForClass,0.001
rm_CMD_ACC_CNT,https://sensorwf.org/ontologies/satellite#OnBoardDataHandling,evidenceForClass,0.001
rm_CMD_REJ_CNT,https://sensorwf.org/ontologies/satellite#OnBoardDataHandling,evidenceForClass,0.001
rm_CMD_INC_CNT,https://sensorwf.org/ontologies/satellite#OnBoardDataHandling,evidenceForClass,0.001
rm_PLATFORM_PWR_STATUS,https://sensorwf.org/ontologies/satellite#ElectricalPowerSubsystem,evidenceForClass,0.001
rm_ADCS_PWR_STATUS,https://sensorwf.org/ontologies/satellite#ElectricalPowerSubsystem,evidenceForClass,0.001
rm_PAYLOAD_PWR_STATUS,https://sensorwf.org/ontologies/satellite#ElectricalPowerSubsystem,evidenceForClass,0.001
rm_SPR_PWR_STATUS,https://sensorwf.org/ontologies/satellite#ElectricalPowerSubsystem,evidenceForClass,0.001
rm_SOLAR_V,https://sensorwf.org/ontologies/satellite#ElectricalPowerSubsystem,evidenceForClass,0.001
rm_SOLAR_S,https://sensorwf.org/ontologies/satellite#ElectricalPowerSubsystem,evidenceForClass,0.001
rm_EXT_V,https://sensorwf.org/ontologies/satellite#ElectricalPowerSubsystem,evidenceForClass,0.001
rm_EXT_S,https://sensorwf.org/ontologies/satellite#ElectricalPowerSubsystem,evidenceForClass,0.001
rm_BATT_CHR_V,https://sensorwf.org/ontologies/satellite#ElectricalPowerSubsystem,evidenceForClass,0.001
rm_BATT_CHR_I,https://sensorwf.org/ontologies/satellite#ElectricalPowerSubsystem,evidenceForClass,0.001
rm_BATT_CHR_STATUS,https://sensorwf.org/ontologies/satellite#ElectricalPowerSubsystem,evidenceForClass,0.001
rm_SYS_V,https://sensorwf.org/ontologies/satellite#ElectricalPowerSubsystem,evidenceForClass,0.001
rm_SYS_I,https://sensorwf.org/ontologies/satellite#ElectricalPowerSubsystem,evidenceForClass,0.001
rm_PLAT_5V_V,https://sensorwf.org/ontologies/satellite#ElectricalPowerSubsystem,evidenceForClass,0.001
rm_PLAT_5V_I,https://sensorwf.org/ontologies/satellite#ElectricalPowerSubsystem,evidenceForClass,0.001
rm_OBC_PWR_V,https://sensorwf.org/ontologies/satellite#ElectricalPowerSubsystem,evidenceForClass,0.001
rm_OBC_PWR_I,https://sensorwf.org/ontologies/satellite#ElectricalPowerSubsystem,evidenceForClass,0.001
rm_ADCS_PROC_PWR_V,https://sensorwf.org/ontologies/satellite#ElectricalPowerSubsystem,evidenceForClass,0.001
rm_ADCS_PROC_PWR_I,https://sensorwf.org/ontologies/satellite#ElectricalPowerSubsystem,evidenceForClass,0.001
rm_ADCS_PER_PWR_V,https://sensorwf.org/ontologies/satellite#ElectricalPowerSubsystem,evidenceForClass,0.001
rm_ADCS_PER_PWR_I,https://sensorwf.org/ontologies/satellite#ElectricalPowerSubsystem,evidenceForClass,0.001
rm_COMMS_PWR_V,https://sensorwf.org/ontologies/satellite#ElectricalPowerSubsystem,evidenceForClass,0.001
rm_COMMS_PWR_I,https://sensorwf.org/ontologies/satellite#ElectricalPowerSubsystem,evidenceForClass,0.001
rm_TEMP_SOLAR,https://sensorwf.org/ontologies/satellite#ThermalControlSubsystem,evidenceForClass,0.001
rm_TEMP_EPS,https://sensorwf.org/ontologies/satellite#ThermalControlSubsystem,evidenceForClass,0.001
rm_TEMP_BATTERY,https://sensorwf.org/ontologies/satellite#ThermalControlSubsystem,evidenceForClass,0.001
rm_TEMP_BACKPLANE,https://sensorwf.org/ontologies/satellite#OnBoardDataHandling,evidenceForClass,0.001
rm_TEMP_OBDH,https://sensorwf.org/ontologies/satellite#OnBoardDataHandling,evidenceForClass,0.001
rm_TEMP_ADCS,https://sensorwf.org/ontologies/satellite#ThermalControlSubsystem,evidenceForClass,0.001
rm_TEMP_WHEEL,https://sensorwf.org/ontologies/satellite#ThermalControlSubsystem,evidenceForClass,0.001
rm_TEMP_COMMS,https://sensorwf.org/ontologies/satellite#ThermalControlSubsystem,evidenceForClass,0.001
rm_TEMP_PAYLOAD,https://sensorwf.org/ontologies/satellite#ThermalControlSubsystem,evidenceForClass,0.001
rm_TEMP_EPS_L,https://sensorwf.org/ontologies/satellite#ThermalControlSubsystem,evidenceForClass,0.001
rm_TEMP_OBDH_L,https://sensorwf.org/ontologies/satellite#OnBoardDataHandling,evidenceForClass,0.001
rm_TEMP_ADCS_L,https://sensorwf.org/ontologies/satellite#ThermalControlSubsystem,evidenceForClass,0.001
rm_TEMP_WHEEL_L,https://sensorwf.org/ontologies/satellite#AttitudeDeterminationAndControlSubsystem,evidenceForClass,0.001
rm_TEMP_COMMS_L,https://sensorwf.org/ontologies/satellite#ThermalControlSubsystem,evidenceForClass,0.001
rm_TEMP_PAYLOAD_L,https://sensorwf.org/ontologies/satellite#ThermalControlSubsystem,evidenceForClass,0.001
rm_FREQ,https://sensorwf.org/ontologies/satellite#CommunicationsSubsystem,evidenceForClass,0.001
rm_RSSI,https://sensorwf.org/ontologies/satellite#CommunicationsSubsystem,evidenceForClass,0.001
rm_TX_POWER,https://sensorwf.org/ontologies/satellite#CommunicationsSubsystem,evidenceForClass,0.001
rm_FRAME_ERR,https://sensorwf.org/ontologies/satellite#CommunicationsSubsystem,evidenceForClass,0.001
rm_THERMISTOR_ROD_1,https://sensorwf.org/ontologies/satellite#ThermalControlSubsystem,evidenceForClass,0.001
rm_THERMISTOR_ROD_2,https://sensorwf.org/ontologies/satellite#ThermalControlSubsystem,evidenceForClass,0.001
rm_THERMISTOR_ROD_3,https://sensorwf.org/ontologies/satellite#ThermalControlSubsystem,evidenceForClass,0.001
rm_THERMISTOR_ROD_4,https://sensorwf.org/ontologies/satellite#ThermalControlSubsystem,evidenceForClass,0.001
rm_THERMISTOR_ROD_5,https://sensorwf.org/ontologies/satellite#ThermalControlSubsystem,evidenceForClass,0.001
rm_THERMISTOR_ROD_6,https://sensorwf.org/ontologies/satellite#ThermalControlSubsystem,evidenceForClass,0.001
rm_THERMISTOR_ROD_7,https://sensorwf.org/ontologies/satellite#ThermalControlSubsystem,evidenceForClass,0.001
rm_THERMISTOR_ROD_8,https://sensorwf.org/ontologies/satellite#ThermalControlSubsystem,evidenceForClass,0.001
rm_THERMISTOR_ROD_9,https://sensorwf.org/ontologies/satellite#ThermalControlSubsystem,evidenceForClass,0.001
rm_THERMISTOR_ROD_10,https://sensorwf.org/ontologies/satellite#ThermalControlSubsystem,evidenceForClass,0.001
rm_THERMISTOR_ROD_11,https://sensorwf.org/ontologies/satellite#ThermalControlSubsystem,evidenceForClass,0.001
rm_THERMISTOR_ROD_12,https://sensorwf.org/ontologies/satellite#ThermalControlSubsystem,evidenceForClass,0.001
rm_THERMISTOR_ROD_13,https://sensorwf.org/ontologies/satellite#ThermalControlSubsystem,evidenceForClass,0.001
rm_THERMISTOR_ROD_14,https://sensorwf.org/ontologies/satellite#ThermalControlSubsystem,evidenceForClass,0.001
rm_THERMISTOR_ROD_15,https://sensorwf.org/ontologies/satellite#ThermalControlSubsystem,evidenceForClass,0.001
rm_THERMISTOR_ROD_16,https://sensorwf.org/ontologies/satellite#ThermalControlSubsystem,evidenceForClass,0.001
rm_THERMISTOR_BATH_1,https://sensorwf.org/ontologies/satellite#ThermalControlSubsystem,evidenceForClass,0.001
rm_THERMISTOR_BATH_2,https://sensorwf.org/ontologies/satellite#ThermalControlSubsystem,evidenceForClass,0.001
rm_THERMISTOR_BATH_3,https://sensorwf.org/ontologies/satellite#ThermalControlSubsystem,evidenceForClass,0.001
rm_THERMISTOR_EXP3,https://sensorwf.org/ontologies/satellite#ThermalControlSubsystem,evidenceForClass,0.001
rm_THERMISTOR_HEATER,https://sensorwf.org/ontologies/satellite#ThermalControlSubsystem,evidenceForClass,0.001
rm_PWR_SW_VERSION,https://sensorwf.org/ontologies/satellite#ElectricalPowerSubsystem,evidenceForClass,0.001
rm_COMMS_SW_VERSION,https://sensorwf.org/ontologies/satellite#CommunicationsSubsystem,evidenceForClass,0.001
rm_PWR_SYS,https://sensorwf.org/ontologies/satellite#ElectricalPowerSubsystem,evidenceForClass,0.001
rm_PWR_PLAT_5V,https://sensorwf.org/ontologies/satellite#ElectricalPowerSubsystem,evidenceForClass,0.001
rm_PWR_OBC_PWR,https://sensorwf.org/ontologies/satellite#ElectricalPowerSubsystem,evidenceForClass,0.001
rm_PWR_COMMS_PWR,https://sensorwf.org/ontologies/satellite#ElectricalPowerSubsystem,evidenceForClass,0.001
rm_ACCEL_X,https://sensorwf.org/ontologies/satellite#AttitudeDeterminationAndControlSubsystem,evidenceForClass,0.001
rm_ACCEL_Y,https://sensorwf.org/ontologies/satellite#AttitudeDeterminationAndControlSubsystem,evidenceForClass,0.001
rm_ACCEL_Z,https://sensorwf.org/ontologies/satellite#AttitudeDeterminationAndControlSubsystem,evidenceForClass,0.001
rm_GYRO_X,https://sensorwf.org/ontologies/satellite#AttitudeDeterminationAndControlSubsystem,evidenceForClass,0.001
rm_GYRO_Y,https://sensorwf.org/ontologies/satellite#AttitudeDeterminationAndControlSubsystem,evidenceForClass,0.001
rm_GYRO_Z,https://sensorwf.org/ontologies/satellite#AttitudeDeterminationAndControlSubsystem,evidenceForClass,0.001
rm_MAG_X,https://sensorwf.org/ontologies/satellite#AttitudeDeterminationAndControlSubsystem,evidenceForClass,0.001
rm_MAG_Y,https://sensorwf.org/ontologies/satellite#AttitudeDeterminationAndControlSubsystem,evidenceForClass,0.001
rm_MAG_Z,https://sensorwf.org/ontologies/satellite#AttitudeDeterminationAndControlSubsystem,evidenceForClass,0.001
rm_SUN_SENSOR_1a,https://sensorwf.org/ontologies/satellite#AttitudeDeterminationAndControlSubsystem,evidenceForClass,0.001
rm_SUN_SENSOR_1b,https://sensorwf.org/ontologies/satellite#AttitudeDeterminationAndControlSubsystem,evidenceForClass,0.001
rm_SUN_SENSOR_2a,https://sensorwf.org/ontologies/satellite#AttitudeDeterminationAndControlSubsystem,evidenceForClass,0.001
rm_SUN_SENSOR_2b,https://sensorwf.org/ontologies/satellite#AttitudeDeterminationAndControlSubsystem,evidenceForClass,0.001
rm_SUN_SENSOR_3a,https://sensorwf.org/ontologies/satellite#AttitudeDeterminationAndControlSubsystem,evidenceForClass,0.001
rm_SUN_SENSOR_3b,https://sensorwf.org/ontologies/satellite#AttitudeDeterminationAndControlSubsystem,evidenceForClass,0.001
rm_SUN_SENSOR_4a,https://sensorwf.org/ontologies/satellite#AttitudeDeterminationAndControlSubsystem,evidenceForClass,0.001
rm_SUN_SENSOR_4b,https://sensorwf.org/ontologies/satellite#AttitudeDeterminationAndControlSubsystem,evidenceForClass,0.001
rm_SUN_ANGLE,https://sensorwf.org/ontologies/satellite#AttitudeDeterminationAndControlSubsystem,evidenceForClass,0.001
rm_WHEEL_SPEED,https://sensorwf.org/ontologies/satellite#AttitudeDeterminationAndControlSubsystem,evidenceForClass,0.001
rm_MAG_DEPLOYMENT_STATUS,https://sensorwf.org/ontologies/satellite#AttitudeDeterminationAndControlSubsystem,evidenceForClass,0.001
rs_FSW_DB_VER,https://sensorwf.org/ontologies/satellite#OnBoardDataHandling,evidenceForClass,0.001
rs_CMD_RCV_CNT,https://sensorwf.org/ontologies/satellite#OnBoardDataHandling,evidenceForClass,0.001
rs_CMD_ACC_CNT,https://sensorwf.org/ontologies/satellite#OnBoardDataHandling,evidenceForClass,0.001
rs_CMD_REJ_CNT,https://sensorwf.org/ontologies/satellite#OnBoardDataHandling,evidenceForClass,0.001
rs_CMD_INC_CNT,https://sensorwf.org/ontologies/satellite#OnBoardDataHandling,evidenceForClass,0.001
rs_PLATFORM_PWR_STATUS,https://sensorwf.org/ontologies/satellite#ElectricalPowerSubsystem,evidenceForClass,0.001
rs_ADCS_PWR_STATUS,https://sensorwf.org/ontologies/satellite#ElectricalPowerSubsystem,evidenceForClass,0.001
rs_PAYLOAD_PWR_STATUS,https://sensorwf.org/ontologies/satellite#ElectricalPowerSubsystem,evidenceForClass,0.001
rs_SPR_PWR_STATUS,https://sensorwf.org/ontologies/satellite#ElectricalPowerSubsystem,evidenceForClass,0.001
rs_SOLAR_V,https://sensorwf.org/ontologies/satellite#ElectricalPowerSubsystem,evidenceForClass,0.001
rs_SOLAR_S,https://sensorwf.org/ontologies/satellite#ElectricalPowerSubsystem,evidenceForClass,0.001
rs_EXT_V,https://sensorwf.org/ontologies/satellite#ElectricalPowerSubsystem,evidenceForClass,0.001
rs_EXT_S,https://sensorwf.org/ontologies/satellite#ElectricalPowerSubsystem,evidenceForClass,0.001
rs_BATT_CHR_V,https://sensorwf.org/ontologies/satellite#ElectricalPowerSubsystem,evidenceForClass,0.001
rs_BATT_CHR_I,https://sensorwf.org/ontologies/satellite#ElectricalPowerSubsystem,evidenceForClass,0.001
rs_BATT_CHR_STATUS,https://sensorwf.org/ontologies/satellite#ElectricalPowerSubsystem,evidenceForClass,0.001
rs_SYS_V,https://sensorwf.org/ontologies/satellite#ElectricalPowerSubsystem,evidenceForClass,0.001
rs_SYS_I,https://sensorwf.org/ontologies/satellite#ElectricalPowerSubsystem,evidenceForClass,0.001
rs_PLAT_5V_V,https://sensorwf.org/ontologies/satellite#ElectricalPowerSubsystem,evidenceForClass,0.001
rs_PLAT_5V_I,https://sensorwf.org/ontologies/satellite#ElectricalPowerSubsystem,evidenceForClass,0.001
rs_OBC_PWR_V,https://sensorwf.org/ontologies/satellite#ElectricalPowerSubsystem,evidenceForClass,0.001
rs_OBC_PWR_I,https://sensorwf.org/ontologies/satellite#ElectricalPowerSubsystem,evidenceForClass,0.001
rs_ADCS_PROC_PWR_V,https://sensorwf.org/ontologies/satellite#ElectricalPowerSubsystem,evidenceForClass,0.001
rs_ADCS_PROC_PWR_I,https://sensorwf.org/ontologies/satellite#ElectricalPowerSubsystem,evidenceForClass,0.001
rs_ADCS_PER_PWR_V,https://sensorwf.org/ontologies/satellite#ElectricalPowerSubsystem,evidenceForClass,0.001
rs_ADCS_PER_PWR_I,https://sensorwf.org/ontologies/satellite#ElectricalPowerSubsystem,evidenceForClass,0.001
rs_COMMS_PWR_V,https://sensorwf.org/ontologies/satellite#ElectricalPowerSubsystem,evidenceForClass,0.001
rs_COMMS_PWR_I,https://sensorwf.org/ontologies/satellite#ElectricalPowerSubsystem,evidenceForClass,0.001
rs_TEMP_SOLAR,https://sensorwf.org/ontologies/satellite#ThermalControlSubsystem,evidenceForClass,0.001
rs_TEMP_EPS,https://sensorwf.org/ontologies/satellite#ThermalControlSubsystem,evidenceForClass,0.001
rs_TEMP_BATTERY,https://sensorwf.org/ontologies/satellite#ThermalControlSubsystem,evidenceForClass,0.001
rs_TEMP_BACKPLANE,https://sensorwf.org/ontologies/satellite#OnBoardDataHandling,evidenceForClass,0.001
rs_TEMP_OBDH,https://sensorwf.org/ontologies/satellite#OnBoardDataHandling,evidenceForClass,0.001
rs_TEMP_ADCS,https://sensorwf.org/ontologies/satellite#ThermalControlSubsystem,evidenceForClass,0.001
rs_TEMP_WHEEL,https://sensorwf.org/ontologies/satellite#ThermalControlSubsystem,evidenceForClass,0.001
rs_TEMP_COMMS,https://sensorwf.org/ontologies/satellite#ThermalControlSubsystem,evidenceForClass,0.001
rs_TEMP_PAYLOAD,https://sensorwf.org/ontologies/satellite#ThermalControlSubsystem,evidenceForClass,0.001
rs_TEMP_EPS_L,https://sensorwf.org/ontologies/satellite#ThermalControlSubsystem,evidenceForClass,0.001
rs_TEMP_OBDH_L,https://sensorwf.org/ontologies/satellite#OnBoardDataHandling,evidenceForClass,0.001
rs_TEMP_ADCS_L,https://sensorwf.org/ontologies/satellite#ThermalControlSubsystem,evidenceForClass,0.001
rs_TEMP_WHEEL_L,https://sensorwf.org/ontologies/satellite#AttitudeDeterminationAndControlSubsystem,evidenceForClass,0.001
rs_TEMP_COMMS_L,https://sensorwf.org/ontologies/satellite#ThermalControlSubsystem,evidenceForClass,0.001
rs_TEMP_PAYLOAD_L,https://sensorwf.org/ontologies/satellite#ThermalControlSubsystem,evidenceForClass,0.001
rs_FREQ,https://sensorwf.org/ontologies/satellite#CommunicationsSubsystem,evidenceForClass,0.001
rs_RSSI,https://sensorwf.org/ontologies/satellite#CommunicationsSubsystem,evidenceForClass,0.001
rs_TX_POWER,https://sensorwf.org/ontologies/satellite#CommunicationsSubsystem,evidenceForClass,0.001
rs_FRAME_ERR,https://sensorwf.org/ontologies/satellite#CommunicationsSubsystem,evidenceForClass,0.001
rs_THERMISTOR_ROD_1,https://sensorwf.org/ontologies/satellite#ThermalControlSubsystem,evidenceForClass,0.001
rs_THERMISTOR_ROD_2,https://sensorwf.org/ontologies/satellite#ThermalControlSubsystem,evidenceForClass,0.001
rs_THERMISTOR_ROD_3,https://sensorwf.org/ontologies/satellite#ThermalControlSubsystem,evidenceForClass,0.001
rs_THERMISTOR_ROD_4,https://sensorwf.org/ontologies/satellite#ThermalControlSubsystem,evidenceForClass,0.001
rs_THERMISTOR_ROD_5,https://sensorwf.org/ontologies/satellite#ThermalControlSubsystem,evidenceForClass,0.001
rs_THERMISTOR_ROD_6,https://sensorwf.org/ontologies/satellite#ThermalControlSubsystem,evidenceForClass,0.001
rs_THERMISTOR_ROD_7,https://sensorwf.org/ontologies/satellite#ThermalControlSubsystem,evidenceForClass,0.001
rs_THERMISTOR_ROD_8,https://sensorwf.org/ontologies/satellite#ThermalControlSubsystem,evidenceForClass,0.001
rs_THERMISTOR_ROD_9,https://sensorwf.org/ontologies/satellite#ThermalControlSubsystem,evidenceForClass,0.001
rs_THERMISTOR_ROD_10,https://sensorwf.org/ontologies/satellite#ThermalControlSubsystem,evidenceForClass,0.001
rs_THERMISTOR_ROD_11,https://sensorwf.org/ontologies/satellite#ThermalControlSubsystem,evidenceForClass,0.001
rs_THERMISTOR_ROD_12,https://sensorwf.org/ontologies/satellite#ThermalControlSubsystem,evidenceForClass,0.001
rs_THERMISTOR_ROD_13,https://sensorwf.org/ontologies/satellite#ThermalControlSubsystem,evidenceForClass,0.001
rs_THERMISTOR_ROD_14,https://sensorwf.org/ontologies/satellite#ThermalControlSubsystem,evidenceForClass,0.001
rs_THERMISTOR_ROD_15,https://sensorwf.org/ontologies/satellite#ThermalControlSubsystem,evidenceForClass,0.001
rs_THERMISTOR_ROD_16,https://sensorwf.org/ontologies/satellite#ThermalControlSubsystem,evidenceForClass,0.001
rs_THERMISTOR_BATH_1,https://sensorwf.org/ontologies/satellite#ThermalControlSubsystem,evidenceForClass,0.001
rs_THERMISTOR_BATH_2,https://sensorwf.org/ontologies/satellite#ThermalControlSubsystem,evidenceForClass,0.001
rs_THERMISTOR_BATH_3,https://sensorwf.org/ontologies/satellite#ThermalControlSubsystem,evidenceForClass,0.001
rs_THERMISTOR_EXP3,https://sensorwf.org/ontologies/satellite#ThermalControlSubsystem,evidenceForClass,0.001
rs_THERMISTOR_HEATER,https://sensorwf.org/ontologies/satellite#ThermalControlSubsystem,evidenceForClass,0.001
rs_PWR_SW_VERSION,https://sensorwf.org/ontologies/satellite#ElectricalPowerSubsystem,evidenceForClass,0.001
rs_COMMS_SW_VERSION,https://sensorwf.org/ontologies/satellite#CommunicationsSubsystem,evidenceForClass,0.001
rs_PWR_SYS,https://sensorwf.org/ontologies/satellite#ElectricalPowerSubsystem,evidenceForClass,0.001
rs_PWR_PLAT_5V,https://sensorwf.org/ontologies/satellite#ElectricalPowerSubsystem,evidenceForClass,0.001
rs_PWR_OBC_PWR,https://sensorwf.org/ontologies/satellite#ElectricalPowerSubsystem,evidenceForClass,0.001
rs_PWR_COMMS_PWR,https://sensorwf.org/ontologies/satellite#ElectricalPowerSubsystem,evidenceForClass,0.001
rs_ACCEL_X,https://sensorwf.org/ontologies/satellite#AttitudeDeterminationAndControlSubsystem,evidenceForClass,0.001
rs_ACCEL_Y,https://sensorwf.org/ontologies/satellite#AttitudeDeterminationAndControlSubsystem,evidenceForClass,0.001
rs_ACCEL_Z,https://sensorwf.org/ontologies/satellite#AttitudeDeterminationAndControlSubsystem,evidenceForClass,0.001
rs_GYRO_X,https://sensorwf.org/ontologies/satellite#AttitudeDeterminationAndControlSubsystem,evidenceForClass,0.001
rs_GYRO_Y,https://sensorwf.org/ontologies/satellite#AttitudeDeterminationAndControlSubsystem,evidenceForClass,0.001
rs_GYRO_Z,https://sensorwf.org/ontologies/satellite#AttitudeDeterminationAndControlSubsystem,evidenceForClass,0.001
rs_MAG_X,https://sensorwf.org/ontologies/satellite#AttitudeDeterminationAndControlSubsystem,evidenceForClass,0.001
rs_MAG_Y,https://sensorwf.org/ontologies/satellite#AttitudeDeterminationAndControlSubsystem,evidenceForClass,0.001
rs_MAG_Z,https://sensorwf.org/ontologies/satellite#AttitudeDeterminationAndControlSubsystem,evidenceForClass,0.001
rs_SUN_SENSOR_1a,https://sensorwf.org/ontologies/satellite#AttitudeDeterminationAndControlSubsystem,evidenceForClass,0.001
rs_SUN_SENSOR_1b,https://sensorwf.org/ontologies/satellite#AttitudeDeterminationAndControlSubsystem,evidenceForClass,0.001
rs_SUN_SENSOR_2a,https://sensorwf.org/ontologies/satellite#AttitudeDeterminationAndControlSubsystem,evidenceForClass,0.001
rs_SUN_SENSOR_2b,https://sensorwf.org/ontologies/satellite#AttitudeDeterminationAndControlSubsystem,evidenceForClass,0.001
rs_SUN_SENSOR_3a,https://sensorwf.org/ontologies/satellite#AttitudeDeterminationAndControlSubsystem,evidenceForClass,0.001
rs_SUN_SENSOR_3b,https://sensorwf.org/ontologies/satellite#AttitudeDeterminationAndControlSubsystem,evidenceForClass,0.001
rs_SUN_SENSOR_4a,https://sensorwf.org/ontologies/satellite#AttitudeDeterminationAndControlSubsystem,evidenceForClass,0.001
rs_SUN_SENSOR_4b,https://sensorwf.org/ontologies/satellite#AttitudeDeterminationAndControlSubsystem,evidenceForClass,0.001
rs_SUN_ANGLE,https://sensorwf.org/ontologies/satellite#AttitudeDeterminationAndControlSubsystem,evidenceForClass,0.001
rs_WHEEL_SPEED,https://sensorwf.org/ontologies/satellite#AttitudeDeterminationAndControlSubsystem,evidenceForClass,0.001
rs_MAG_DEPLOYMENT_STATUS,https://sensorwf.org/ontologies/satellite#AttitudeDeterminationAndControlSubsystem,evidenceForClass,0.001
sk_FSW_DB_VER,https://sensorwf.org/ontologies/satellite#OnBoardDataHandling,evidenceForClass,0.001
sk_CMD_RCV_CNT,https://sensorwf.org/ontologies/satellite#OnBoardDataHandling,evidenceForClass,0.001
sk_CMD_ACC_CNT,https://sensorwf.org/ontologies/satellite#OnBoardDataHandling,evidenceForClass,0.001
sk_CMD_REJ_CNT,https://sensorwf.org/ontologies/satellite#OnBoardDataHandling,evidenceForClass,0.001
sk_CMD_INC_CNT,https://sensorwf.org/ontologies/satellite#OnBoardDataHandling,evidenceForClass,0.001
sk_PLATFORM_PWR_STATUS,https://sensorwf.org/ontologies/satellite#ElectricalPowerSubsystem,evidenceForClass,0.001
sk_ADCS_PWR_STATUS,https://sensorwf.org/ontologies/satellite#ElectricalPowerSubsystem,evidenceForClass,0.001
sk_PAYLOAD_PWR_STATUS,https://sensorwf.org/ontologies/satellite#ElectricalPowerSubsystem,evidenceForClass,0.001
sk_SPR_PWR_STATUS,https://sensorwf.org/ontologies/satellite#ElectricalPowerSubsystem,evidenceForClass,0.001
sk_SOLAR_V,https://sensorwf.org/ontologies/satellite#ElectricalPowerSubsystem,evidenceForClass,0.001
sk_SOLAR_S,https://sensorwf.org/ontologies/satellite#ElectricalPowerSubsystem,evidenceForClass,0.001
sk_EXT_V,https://sensorwf.org/ontologies/satellite#ElectricalPowerSubsystem,evidenceForClass,0.001
sk_EXT_S,https://sensorwf.org/ontologies/satellite#ElectricalPowerSubsystem,evidenceForClass,0.001
sk_BATT_CHR_V,https://sensorwf.org/ontologies/satellite#ElectricalPowerSubsystem,evidenceForClass,0.001
sk_BATT_CHR_I,https://sensorwf.org/ontologies/satellite#ElectricalPowerSubsystem,evidenceForClass,0.001
sk_BATT_CHR_STATUS,https://sensorwf.org/ontologies/satellite#ElectricalPowerSubsystem,evidenceForClass,0.001
sk_SYS_V,https://sensorwf.org/ontologies/satellite#ElectricalPowerSubsystem,evidenceForClass,0.001
sk_SYS_I,https://sensorwf.org/ontologies/satellite#ElectricalPowerSubsystem,evidenceForClass,0.001
sk_PLAT_5V_V,https://sensorwf.org/ontologies/satellite#ElectricalPowerSubsystem,evidenceForClass,0.001
sk_PLAT_5V_I,https://sensorwf.org/ontologies/satellite#ElectricalPowerSubsystem,evidenceForClass,0.001
sk_OBC_PWR_V,https://sensorwf.org/ontologies/satellite#ElectricalPowerSubsystem,evidenceForClass,0.001
sk_OBC_PWR_I,https://sensorwf.org/ontologies/satellite#ElectricalPowerSubsystem,evidenceForClass,0.001
sk_ADCS_PROC_PWR_V,https://sensorwf.org/ontologies/satellite#ElectricalPowerSubsystem,evidenceForClass,0.001
sk_ADCS_PROC_PWR_I,https://sensorwf.org/ontologies/satellite#ElectricalPowerSubsystem,evidenceForClass,0.001
sk_ADCS_PER_PWR_V,https://sensorwf.org/ontologies/satellite#ElectricalPowerSubsystem,evidenceForClass,0.001
sk_ADCS_PER_PWR_I,https://sensorwf.org/ontologies/satellite#ElectricalPowerSubsystem,evidenceForClass,0.001
sk_COMMS_PWR_V,https://sensorwf.org/ontologies/satellite#ElectricalPowerSubsystem,evidenceForClass,0.001
sk_COMMS_PWR_I,https://sensorwf.org/ontologies/satellite#ElectricalPowerSubsystem,evidenceForClass,0.001
sk_TEMP_SOLAR,https://sensorwf.org/ontologies/satellite#ThermalControlSubsystem,evidenceForClass,0.001
sk_TEMP_EPS,https://sensorwf.org/ontologies/satellite#ThermalControlSubsystem,evidenceForClass,0.001
sk_TEMP_BATTERY,https://sensorwf.org/ontologies/satellite#ThermalControlSubsystem,evidenceForClass,0.001
sk_TEMP_BACKPLANE,https://sensorwf.org/ontologies/satellite#OnBoardDataHandling,evidenceForClass,0.001
sk_TEMP_OBDH,https://sensorwf.org/ontologies/satellite#OnBoardDataHandling,evidenceForClass,0.001
sk_TEMP_ADCS,https://sensorwf.org/ontologies/satellite#ThermalControlSubsystem,evidenceForClass,0.001
sk_TEMP_WHEEL,https://sensorwf.org/ontologies/satellite#ThermalControlSubsystem,evidenceForClass,0.001
sk_TEMP_COMMS,https://sensorwf.org/ontologies/satellite#ThermalControlSubsystem,evidenceForClass,0.001
sk_TEMP_PAYLOAD,https://sensorwf.org/ontologies/satellite#ThermalControlSubsystem,evidenceForClass,0.001
sk_TEMP_EPS_L,https://sensorwf.org/ontologies/satellite#ThermalControlSubsystem,evidenceForClass,0.001
sk_TEMP_OBDH_L,https://sensorwf.org/ontologies/satellite#OnBoardDataHandling,evidenceForClass,0.001
sk_TEMP_ADCS_L,https://sensorwf.org/ontologies/satellite#ThermalControlSubsystem,evidenceForClass,0.001
sk_TEMP_WHEEL_L,https://sensorwf.org/ontologies/satellite#AttitudeDeterminationAndControlSubsystem,evidenceForClass,0.001
sk_TEMP_COMMS_L,https://sensorwf.org/ontologies/satellite#ThermalControlSubsystem,evidenceForClass,0.001
sk_TEMP_PAYLOAD_L,https://sensorwf.org/ontologies/satellite#ThermalControlSubsystem,evidenceForClass,0.001
sk_FREQ,https://sensorwf.org/ontologies/satellite#CommunicationsSubsystem,evidenceForClass,0.001
sk_RSSI,https://sensorwf.org/ontologies/satellite#CommunicationsSubsystem,evidenceForClass,0.001
sk_TX_POWER,https://sensorwf.org/ontologies/satellite#CommunicationsSubsystem,evidenceForClass,0.001
sk_FRAME_ERR,https://sensorwf.org/ontologies/satellite#CommunicationsSubsystem,evidenceForClass,0.001
sk_THERMISTOR_ROD_1,https://sensorwf.org/ontologies/satellite#ThermalControlSubsystem,evidenceForClass,0.001
sk_THERMISTOR_ROD_2,https://sensorwf.org/ontologies/satellite#ThermalControlSubsystem,evidenceForClass,0.001
sk_THERMISTOR_ROD_3,https://sensorwf.org/ontologies/satellite#ThermalControlSubsystem,evidenceForClass,0.001
sk_THERMISTOR_ROD_4,https://sensorwf.org/ontologies/satellite#ThermalControlSubsystem,evidenceForClass,0.001
sk_THERMISTOR_ROD_5,https://sensorwf.org/ontologies/satellite#ThermalControlSubsystem,evidenceForClass,0.001
sk_THERMISTOR_ROD_6,https://sensorwf.org/ontologies/satellite#ThermalControlSubsystem,evidenceForClass,0.001
sk_THERMISTOR_ROD_7,https://sensorwf.org/ontologies/satellite#ThermalControlSubsystem,evidenceForClass,0.001
sk_THERMISTOR_ROD_8,https://sensorwf.org/ontologies/satellite#ThermalControlSubsystem,evidenceForClass,0.001
sk_THERMISTOR_ROD_9,https://sensorwf.org/ontologies/satellite#ThermalControlSubsystem,evidenceForClass,0.001
sk_THERMISTOR_ROD_10,https://sensorwf.org/ontologies/satellite#ThermalControlSubsystem,evidenceForClass,0.001
sk_THERMISTOR_ROD_11,https://sensorwf.org/ontologies/satellite#ThermalControlSubsystem,evidenceForClass,0.001
sk_THERMISTOR_ROD_12,https://sensorwf.org/ontologies/satellite#ThermalControlSubsystem,evidenceForClass,0.001
sk_THERMISTOR_ROD_13,https://sensorwf.org/ontologies/satellite#ThermalControlSubsystem,evidenceForClass,0.001
sk_THERMISTOR_ROD_14,https://sensorwf.org/ontologies/satellite#ThermalControlSubsystem,evidenceForClass,0.001
sk_THERMISTOR_ROD_15,https://sensorwf.org/ontologies/satellite#ThermalControlSubsystem,evidenceForClass,0.001
sk_THERMISTOR_ROD_16,https://sensorwf.org/ontologies/satellite#ThermalControlSubsystem,evidenceForClass,0.001
sk_THERMISTOR_BATH_1,https://sensorwf.org/ontologies/satellite#ThermalControlSubsystem,evidenceForClass,0.001
sk_THERMISTOR_BATH_2,https://sensorwf.org/ontologies/satellite#ThermalControlSubsystem,evidenceForClass,0.001
sk_THERMISTOR_BATH_3,https://sensorwf.org/ontologies/satellite#ThermalControlSubsystem,evidenceForClass,0.001
sk_THERMISTOR_EXP3,https://sensorwf.org/ontologies/satellite#ThermalControlSubsystem,evidenceForClass,0.001
sk_THERMISTOR_HEATER,https://sensorwf.org/ontologies/satellite#ThermalControlSubsystem,evidenceForClass,0.001
sk_PWR_SW_VERSION,https://sensorwf.org/ontologies/satellite#ElectricalPowerSubsystem,evidenceForClass,0.001
sk_COMMS_SW_VERSION,https://sensorwf.org/ontologies/satellite#CommunicationsSubsystem,evidenceForClass,0.001
sk_PWR_SYS,https://sensorwf.org/ontologies/satellite#ElectricalPowerSubsystem,evidenceForClass,0.001
sk_PWR_PLAT_5V,https://sensorwf.org/ontologies/satellite#ElectricalPowerSubsystem,evidenceForClass,0.001
sk_PWR_OBC_PWR,https://sensorwf.org/ontologies/satellite#ElectricalPowerSubsystem,evidenceForClass,0.001
sk_PWR_COMMS_PWR,https://sensorwf.org/ontologies/satellite#ElectricalPowerSubsystem,evidenceForClass,0.001
sk_ACCEL_X,https://sensorwf.org/ontologies/satellite#AttitudeDeterminationAndControlSubsystem,evidenceForClass,0.001
sk_ACCEL_Y,https://sensorwf.org/ontologies/satellite#AttitudeDeterminationAndControlSubsystem,evidenceForClass,0.001
sk_ACCEL_Z,https://sensorwf.org/ontologies/satellite#AttitudeDeterminationAndControlSubsystem,evidenceForClass,0.001
sk_GYRO_X,https://sensorwf.org/ontologies/satellite#AttitudeDeterminationAndControlSubsystem,evidenceForClass,0.001
sk_GYRO_Y,https://sensorwf.org/ontologies/satellite#AttitudeDeterminationAndControlSubsystem,evidenceForClass,0.001
sk_GYRO_Z,https://sensorwf.org/ontologies/satellite#AttitudeDeterminationAndControlSubsystem,evidenceForClass,0.001
sk_MAG_X,https://sensorwf.org/ontologies/satellite#AttitudeDeterminationAndControlSubsystem,evidenceForClass,0.001
sk_MAG_Y,https://sensorwf.org/ontologies/satellite#AttitudeDeterminationAndControlSubsystem,evidenceForClass,0.001
sk_MAG_Z,https://sensorwf.org/ontologies/satellite#AttitudeDeterminationAndControlSubsystem,evidenceForClass,0.001
sk_SUN_SENSOR_1a,https://sensorwf.org/ontologies/satellite#AttitudeDeterminationAndControlSubsystem,evidenceForClass,0.001
sk_SUN_SENSOR_1b,https://sensorwf.org/ontologies/satellite#AttitudeDeterminationAndControlSubsystem,evidenceForClass,0.001
sk_SUN_SENSOR_2a,https://sensorwf.org/ontologies/satellite#AttitudeDeterminationAndControlSubsystem,evidenceForClass,0.001
sk_SUN_SENSOR_2b,https://sensorwf.org/ontologies/satellite#AttitudeDeterminationAndControlSubsystem,evidenceForClass,0.001
sk_SUN_SENSOR_3a,https://sensorwf.org/ontologies/satellite#AttitudeDeterminationAndControlSubsystem,evidenceForClass,0.001
sk_SUN_SENSOR_3b,https://sensorwf.org/ontologies/satellite#AttitudeDeterminationAndControlSubsystem,evidenceForClass,0.001
sk_SUN_SENSOR_4a,https://sensorwf.org/ontologies/satellite#AttitudeDeterminationAndControlSubsystem,evidenceForClass,0.001
sk_SUN_SENSOR_4b,https://sensorwf.org/ontologies/satellite#AttitudeDeterminationAndControlSubsystem,evidenceForClass,0.001
sk_SUN_ANGLE,https://sensorwf.org/ontologies/satellite#AttitudeDeterminationAndControlSubsystem,evidenceForClass,0.001
sk_WHEEL_SPEED,https://sensorwf.org/ontologies/satellite#AttitudeDeterminationAndControlSubsystem,evidenceForClass,0.001
sk_MAG_DEPLOYMENT_STATUS,https://sensorwf.org/ontologies/satellite#AttitudeDeterminationAndControlSubsystem,evidenceForClass,0.001
ku_FSW_DB_VER,https://sensorwf.org/ontologies/satellite#OnBoardDataHandling,evidenceForClass,0.001
ku_CMD_RCV_CNT,https://sensorwf.org/ontologies/satellite#OnBoardDataHandling,evidenceForClass,0.001
ku_CMD_ACC_CNT,https://sensorwf.org/ontologies/satellite#OnBoardDataHandling,evidenceForClass,0.001
ku_CMD_REJ_CNT,https://sensorwf.org/ontologies/satellite#OnBoardDataHandling,evidenceForClass,0.001
ku_CMD_INC_CNT,https://sensorwf.org/ontologies/satellite#OnBoardDataHandling,evidenceForClass,0.001
ku_PLATFORM_PWR_STATUS,https://sensorwf.org/ontologies/satellite#ElectricalPowerSubsystem,evidenceForClass,0.001
ku_ADCS_PWR_STATUS,https://sensorwf.org/ontologies/satellite#ElectricalPowerSubsystem,evidenceForClass,0.001
ku_PAYLOAD_PWR_STATUS,https://sensorwf.org/ontologies/satellite#ElectricalPowerSubsystem,evidenceForClass,0.001
ku_SPR_PWR_STATUS,https://sensorwf.org/ontologies/satellite#ElectricalPowerSubsystem,evidenceForClass,0.001
ku_SOLAR_V,https://sensorwf.org/ontologies/satellite#ElectricalPowerSubsystem,evidenceForClass,0.001
ku_SOLAR_S,https://sensorwf.org/ontologies/satellite#ElectricalPowerSubsystem,evidenceForClass,0.001
ku_EXT_V,https://sensorwf.org/ontologies/satellite#ElectricalPowerSubsystem,evidenceForClass,0.001
ku_EXT_S,https://sensorwf.org/ontologies/satellite#ElectricalPowerSubsystem,evidenceForClass,0.001
ku_BATT_CHR_V,https://sensorwf.org/ontologies/satellite#ElectricalPowerSubsystem,evidenceForClass,0.001
ku_BATT_CHR_I,https://sensorwf.org/ontologies/satellite#ElectricalPowerSubsystem,evidenceForClass,0.001
ku_BATT_CHR_STATUS,https://sensorwf.org/ontologies/satellite#ElectricalPowerSubsystem,evidenceForClass,0.001
ku_SYS_V,https://sensorwf.org/ontologies/satellite#ElectricalPowerSubsystem,evidenceForClass,0.001
ku_SYS_I,https://sensorwf.org/ontologies/satellite#ElectricalPowerSubsystem,evidenceForClass,0.001
ku_PLAT_5V_V,https://sensorwf.org/ontologies/satellite#ElectricalPowerSubsystem,evidenceForClass,0.001
ku_PLAT_5V_I,https://sensorwf.org/ontologies/satellite#ElectricalPowerSubsystem,evidenceForClass,0.001
ku_OBC_PWR_V,https://sensorwf.org/ontologies/satellite#ElectricalPowerSubsystem,evidenceForClass,0.001
ku_OBC_PWR_I,https://sensorwf.org/ontologies/satellite#ElectricalPowerSubsystem,evidenceForClass,0.001
ku_ADCS_PROC_PWR_V,https://sensorwf.org/ontologies/satellite#ElectricalPowerSubsystem,evidenceForClass,0.001
ku_ADCS_PROC_PWR_I,https://sensorwf.org/ontologies/satellite#ElectricalPowerSubsystem,evidenceForClass,0.001
ku_ADCS_PER_PWR_V,https://sensorwf.org/ontologies/satellite#ElectricalPowerSubsystem,evidenceForClass,0.001
ku_ADCS_PER_PWR_I,https://sensorwf.org/ontologies/satellite#ElectricalPowerSubsystem,evidenceForClass,0.001
ku_COMMS_PWR_V,https://sensorwf.org/ontologies/satellite#ElectricalPowerSubsystem,evidenceForClass,0.001
ku_COMMS_PWR_I,https://sensorwf.org/ontologies/satellite#ElectricalPowerSubsystem,evidenceForClass,0.001
ku_TEMP_SOLAR,https://sensorwf.org/ontologies/satellite#ThermalControlSubsystem,evidenceForClass,0.001
ku_TEMP_EPS,https://sensorwf.org/ontologies/satellite#ThermalControlSubsystem,evidenceForClass,0.001
ku_TEMP_BATTERY,https://sensorwf.org/ontologies/satellite#ThermalControlSubsystem,evidenceForClass,0.001
ku_TEMP_BACKPLANE,https://sensorwf.org/ontologies/satellite#OnBoardDataHandling,evidenceForClass,0.001
ku_TEMP_OBDH,https://sensorwf.org/ontologies/satellite#OnBoardDataHandling,evidenceForClass,0.001
ku_TEMP_ADCS,https://sensorwf.org/ontologies/satellite#ThermalControlSubsystem,evidenceForClass,0.001
ku_TEMP_WHEEL,https://sensorwf.org/ontologies/satellite#ThermalControlSubsystem,evidenceForClass,0.001
ku_TEMP_COMMS,https://sensorwf.org/ontologies/satellite#ThermalControlSubsystem,evidenceForClass,0.001
ku_TEMP_PAYLOAD,https://sensorwf.org/ontologies/satellite#ThermalControlSubsystem,evidenceForClass,0.001
ku_TEMP_EPS_L,https://sensorwf.org/ontologies/satellite#ThermalControlSubsystem,evidenceForClass,0.001
ku_TEMP_OBDH_L,https://sensorwf.org/ontologies/satellite#OnBoardDataHandling,evidenceForClass,0.001
ku_TEMP_ADCS_L,https://sensorwf.org/ontologies/satellite#ThermalControlSubsystem,evidenceForClass,0.001
ku_TEMP_WHEEL_L,https://sensorwf.org/ontologies/satellite#AttitudeDeterminationAndControlSubsystem,evidenceForClass,0.001
ku_TEMP_COMMS_L,https://sensorwf.org/ontologies/satellite#ThermalControlSubsystem,evidenceForClass,0.001
ku_TEMP_PAYLOAD_L,https://sensorwf.org/ontologies/satellite#ThermalControlSubsystem,evidenceForClass,0.001
ku_FREQ,https://sensorwf.org/ontologies/satellite#CommunicationsSubsystem,evidenceForClass,0.001
ku_RSSI,https://sensorwf.org/ontologies/satellite#CommunicationsSubsystem,evidenceForClass,0.001
ku_TX_POWER,https://sensorwf.org/ontologies/satellite#CommunicationsSubsystem,evidenceForClass,0.001
ku_FRAME_ERR,https://sensorwf.org/ontologies/satellite#CommunicationsSubsystem,evidenceForClass,0.001
ku_THERMISTOR_ROD_1,https://sensorwf.org/ontologies/satellite#ThermalControlSubsystem,evidenceForClass,0.001
ku_THERMISTOR_ROD_2,https://sensorwf.org/ontologies/satellite#ThermalControlSubsystem,evidenceForClass,0.001
ku_THERMISTOR_ROD_3,https://sensorwf.org/ontologies/satellite#ThermalControlSubsystem,evidenceForClass,0.001
ku_THERMISTOR_ROD_4,https://sensorwf.org/ontologies/satellite#ThermalControlSubsystem,evidenceForClass,0.001
ku_THERMISTOR_ROD_5,https://sensorwf.org/ontologies/satellite#ThermalControlSubsystem,evidenceForClass,0.001
ku_THERMISTOR_ROD_6,https://sensorwf.org/ontologies/satellite#ThermalControlSubsystem,evidenceForClass,0.001
ku_THERMISTOR_ROD_7,https://sensorwf.org/ontologies/satellite#ThermalControlSubsystem,evidenceForClass,0.001
ku_THERMISTOR_ROD_8,https://sensorwf.org/ontologies/satellite#ThermalControlSubsystem,evidenceForClass,0.001
ku_THERMISTOR_ROD_9,https://sensorwf.org/ontologies/satellite#ThermalControlSubsystem,evidenceForClass,0.001
ku_THERMISTOR_ROD_10,https://sensorwf.org/ontologies/satellite#ThermalControlSubsystem,evidenceForClass,0.001
ku_THERMISTOR_ROD_11,https://sensorwf.org/ontologies/satellite#ThermalControlSubsystem,evidenceForClass,0.001
ku_THERMISTOR_ROD_12,https://sensorwf.org/ontologies/satellite#ThermalControlSubsystem,evidenceForClass,0.001
ku_THERMISTOR_ROD_13,https://sensorwf.org/ontologies/satellite#ThermalControlSubsystem,evidenceForClass,0.001
ku_THERMISTOR_ROD_14,https://sensorwf.org/ontologies/satellite#ThermalControlSubsystem,evidenceForClass,0.001
ku_THERMISTOR_ROD_15,https://sensorwf.org/ontologies/satellite#ThermalControlSubsystem,evidenceForClass,0.001
ku_THERMISTOR_ROD_16,https://sensorwf.org/ontologies/satellite#ThermalControlSubsystem,evidenceForClass,0.001
ku_THERMISTOR_BATH_1,https://sensorwf.org/ontologies/satellite#ThermalControlSubsystem,evidenceForClass,0.001
ku_THERMISTOR_BATH_2,https://sensorwf.org/ontologies/satellite#ThermalControlSubsystem,evidenceForClass,0.001
ku_THERMISTOR_BATH_3,https://sensorwf.org/ontologies/satellite#ThermalControlSubsystem,evidenceForClass,0.001
ku_THERMISTOR_EXP3,https://sensorwf.org/ontologies/satellite#ThermalControlSubsystem,evidenceForClass,0.001
ku_THERMISTOR_HEATER,https://sensorwf.org/ontologies/satellite#ThermalControlSubsystem,evidenceForClass,0.001
ku_PWR_SW_VERSION,https://sensorwf.org/ontologies/satellite#ElectricalPowerSubsystem,evidenceForClass,0.001
ku_COMMS_SW_VERSION,https://sensorwf.org/ontologies/satellite#CommunicationsSubsystem,evidenceForClass,0.001
ku_PWR_SYS,https://sensorwf.org/ontologies/satellite#ElectricalPowerSubsystem,evidenceForClass,0.001
ku_PWR_PLAT_5V,https://sensorwf.org/ontologies/satellite#ElectricalPowerSubsystem,evidenceForClass,0.001
ku_PWR_OBC_PWR,https://sensorwf.org/ontologies/satellite#ElectricalPowerSubsystem,evidenceForClass,0.001
ku_PWR_COMMS_PWR,https://sensorwf.org/ontologies/satellite#ElectricalPowerSubsystem,evidenceForClass,0.001
ku_ACCEL_X,https://sensorwf.org/ontologies/satellite#AttitudeDeterminationAndControlSubsystem,evidenceForClass,0.001
ku_ACCEL_Y,https://sensorwf.org/ontologies/satellite#AttitudeDeterminationAndControlSubsystem,evidenceForClass,0.001
ku_ACCEL_Z,https://sensorwf.org/ontologies/satellite#AttitudeDeterminationAndControlSubsystem,evidenceForClass,0.001
ku_GYRO_X,https://sensorwf.org/ontologies/satellite#AttitudeDeterminationAndControlSubsystem,evidenceForClass,0.001
ku_GYRO_Y,https://sensorwf.org/ontologies/satellite#AttitudeDeterminationAndControlSubsystem,evidenceForClass,0.001
ku_GYRO_Z,https://sensorwf.org/ontologies/satellite#AttitudeDeterminationAndControlSubsystem,evidenceForClass,0.001
ku_MAG_X,https://sensorwf.org/ontologies/satellite#AttitudeDeterminationAndControlSubsystem,evidenceForClass,0.001
ku_MAG_Y,https://sensorwf.org/ontologies/satellite#AttitudeDeterminationAndControlSubsystem,evidenceForClass,0.001
ku_MAG_Z,https://sensorwf.org/ontologies/satellite#AttitudeDeterminationAndControlSubsystem,evidenceForClass,0.001
ku_SUN_SENSOR_1a,https://sensorwf.org/ontologies/satellite#AttitudeDeterminationAndControlSubsystem,evidenceForClass,0.001
ku_SUN_SENSOR_1b,https://sensorwf.org/ontologies/satellite#AttitudeDeterminationAndControlSubsystem,evidenceForClass,0.001
ku_SUN_SENSOR_2a,https://sensorwf.org/ontologies/satellite#AttitudeDeterminationAndControlSubsystem,evidenceForClass,0.001
ku_SUN_SENSOR_2b,https://sensorwf.org/ontologies/satellite#AttitudeDeterminationAndControlSubsystem,evidenceForClass,0.001
ku_SUN_SENSOR_3a,https://sensorwf.org/ontologies/satellite#AttitudeDeterminationAndControlSubsystem,evidenceForClass,0.001
ku_SUN_SENSOR_3b,https://sensorwf.org/ontologies/satellite#AttitudeDeterminationAndControlSubsystem,evidenceForClass,0.001
ku_SUN_SENSOR_4a,https://sensorwf.org/ontologies/satellite#AttitudeDeterminationAndControlSubsystem,evidenceForClass,0.001
ku_SUN_SENSOR_4b,https://sensorwf.org/ontologies/satellite#AttitudeDeterminationAndControlSubsystem,evidenceForClass,0.001
ku_SUN_ANGLE,https://sensorwf.org/ontologies/satellite#AttitudeDeterminationAndControlSubsystem,evidenceForClass,0.001
ku_WHEEL_SPEED,https://sensorwf.org/ontologies/satellite#AttitudeDeterminationAndControlSubsystem,evidenceForClass,0.001
ku_MAG_DEPLOYMENT_STATUS,https://sensorwf.org/ontologies/satellite#AttitudeDeterminationAndControlSubsystem,evidenceForClass,0.001
zcr_FSW_DB_VER,https://sensorwf.org/ontologies/satellite#OnBoardDataHandling,evidenceForClass,0.001
zcr_CMD_RCV_CNT,https://sensorwf.org/ontologies/satellite#OnBoardDataHandling,evidenceForClass,0.001
zcr_CMD_ACC_CNT,https://sensorwf.org/ontologies/satellite#OnBoardDataHandling,evidenceForClass,0.001
zcr_CMD_REJ_CNT,https://sensorwf.org/ontologies/satellite#OnBoardDataHandling,evidenceForClass,0.001
zcr_CMD_INC_CNT,https://sensorwf.org/ontologies/satellite#OnBoardDataHandling,evidenceForClass,0.001
zcr_PLATFORM_PWR_STATUS,https://sensorwf.org/ontologies/satellite#ElectricalPowerSubsystem,evidenceForClass,0.001
zcr_ADCS_PWR_STATUS,https://sensorwf.org/ontologies/satellite#ElectricalPowerSubsystem,evidenceForClass,0.001
zcr_PAYLOAD_PWR_STATUS,https://sensorwf.org/ontologies/satellite#ElectricalPowerSubsystem,evidenceForClass,0.001
zcr_SPR_PWR_STATUS,https://sensorwf.org/ontologies/satellite#ElectricalPowerSubsystem,evidenceForClass,0.001
zcr_SOLAR_V,https://sensorwf.org/ontologies/satellite#ElectricalPowerSubsystem,evidenceForClass,0.001
zcr_SOLAR_S,https://sensorwf.org/ontologies/satellite#ElectricalPowerSubsystem,evidenceForClass,0.001
zcr_EXT_V,https://sensorwf.org/ontologies/satellite#ElectricalPowerSubsystem,evidenceForClass,0.001
zcr_EXT_S,https://sensorwf.org/ontologies/satellite#ElectricalPowerSubsystem,evidenceForClass,0.001
zcr_BATT_CHR_V,https://sensorwf.org/ontologies/satellite#ElectricalPowerSubsystem,evidenceForClass,0.001
zcr_BATT_CHR_I,https://sensorwf.org/ontologies/satellite#ElectricalPowerSubsystem,evidenceForClass,0.001
zcr_BATT_CHR_STATUS,https://sensorwf.org/ontologies/satellite#ElectricalPowerSubsystem,evidenceForClass,0.001
zcr_SYS_V,https://sensorwf.org/ontologies/satellite#ElectricalPowerSubsystem,evidenceForClass,0.001
zcr_SYS_I,https://sensorwf.org/ontologies/satellite#ElectricalPowerSubsystem,evidenceForClass,0.001
zcr_PLAT_5V_V,https://sensorwf.org/ontologies/satellite#ElectricalPowerSubsystem,evidenceForClass,0.001
zcr_PLAT_5V_I,https://sensorwf.org/ontologies/satellite#ElectricalPowerSubsystem,evidenceForClass,0.001
zcr_OBC_PWR_V,https://sensorwf.org/ontologies/satellite#ElectricalPowerSubsystem,evidenceForClass,0.001
zcr_OBC_PWR_I,https://sensorwf.org/ontologies/satellite#ElectricalPowerSubsystem,evidenceForClass,0.001
zcr_ADCS_PROC_PWR_V,https://sensorwf.org/ontologies/satellite#ElectricalPowerSubsystem,evidenceForClass,0.001
zcr_ADCS_PROC_PWR_I,https://sensorwf.org/ontologies/satellite#ElectricalPowerSubsystem,evidenceForClass,0.001
zcr_ADCS_PER_PWR_V,https://sensorwf.org/ontologies/satellite#ElectricalPowerSubsystem,evidenceForClass,0.001
zcr_ADCS_PER_PWR_I,https://sensorwf.org/ontologies/satellite#ElectricalPowerSubsystem,evidenceForClass,0.001
zcr_COMMS_PWR_V,https://sensorwf.org/ontologies/satellite#ElectricalPowerSubsystem,evidenceForClass,0.001
zcr_COMMS_PWR_I,https://sensorwf.org/ontologies/satellite#ElectricalPowerSubsystem,evidenceForClass,0.001
zcr_TEMP_SOLAR,https://sensorwf.org/ontologies/satellite#ThermalControlSubsystem,evidenceForClass,0.001
zcr_TEMP_EPS,https://sensorwf.org/ontologies/satellite#ThermalControlSubsystem,evidenceForClass,0.001
zcr_TEMP_BATTERY,https://sensorwf.org/ontologies/satellite#ThermalControlSubsystem,evidenceForClass,0.001
zcr_TEMP_BACKPLANE,https://sensorwf.org/ontologies/satellite#OnBoardDataHandling,evidenceForClass,0.001
zcr_TEMP_OBDH,https://sensorwf.org/ontologies/satellite#OnBoardDataHandling,evidenceForClass,0.001
zcr_TEMP_ADCS,https://sensorwf.org/ontologies/satellite#ThermalControlSubsystem,evidenceForClass,0.001
zcr_TEMP_WHEEL,https://sensorwf.org/ontologies/satellite#ThermalControlSubsystem,evidenceForClass,0.001
zcr_TEMP_COMMS,https://sensorwf.org/ontologies/satellite#ThermalControlSubsystem,evidenceForClass,0.001
zcr_TEMP_PAYLOAD,https://sensorwf.org/ontologies/satellite#ThermalControlSubsystem,evidenceForClass,0.001
zcr_TEMP_EPS_L,https://sensorwf.org/ontologies/satellite#ThermalControlSubsystem,evidenceForClass,0.001
zcr_TEMP_OBDH_L,https://sensorwf.org/ontologies/satellite#OnBoardDataHandling,evidenceForClass,0.001
zcr_TEMP_ADCS_L,https://sensorwf.org/ontologies/satellite#ThermalControlSubsystem,evidenceForClass,0.001
zcr_TEMP_WHEEL_L,https://sensorwf.org/ontologies/satellite#AttitudeDeterminationAndControlSubsystem,evidenceForClass,0.001
zcr_TEMP_COMMS_L,https://sensorwf.org/ontologies/satellite#ThermalControlSubsystem,evidenceForClass,0.001
zcr_TEMP_PAYLOAD_L,https://sensorwf.org/ontologies/satellite#ThermalControlSubsystem,evidenceForClass,0.001
zcr_FREQ,https://sensorwf.org/ontologies/satellite#CommunicationsSubsystem,evidenceForClass,0.001
zcr_RSSI,https://sensorwf.org/ontologies/satellite#CommunicationsSubsystem,evidenceForClass,0.001
zcr_TX_POWER,https://sensorwf.org/ontologies/satellite#CommunicationsSubsystem,evidenceForClass,0.001
zcr_FRAME_ERR,https://sensorwf.org/ontologies/satellite#CommunicationsSubsystem,evidenceForClass,0.001
zcr_THERMISTOR_ROD_1,https://sensorwf.org/ontologies/satellite#ThermalControlSubsystem,evidenceForClass,0.001
zcr_THERMISTOR_ROD_2,https://sensorwf.org/ontologies/satellite#ThermalControlSubsystem,evidenceForClass,0.001
zcr_THERMISTOR_ROD_3,https://sensorwf.org/ontologies/satellite#ThermalControlSubsystem,evidenceForClass,0.001
zcr_THERMISTOR_ROD_4,https://sensorwf.org/ontologies/satellite#ThermalControlSubsystem,evidenceForClass,0.001
zcr_THERMISTOR_ROD_5,https://sensorwf.org/ontologies/satellite#ThermalControlSubsystem,evidenceForClass,0.001
zcr_THERMISTOR_ROD_6,https://sensorwf.org/ontologies/satellite#ThermalControlSubsystem,evidenceForClass,0.001
zcr_THERMISTOR_ROD_7,https://sensorwf.org/ontologies/satellite#ThermalControlSubsystem,evidenceForClass,0.001
zcr_THERMISTOR_ROD_8,https://sensorwf.org/ontologies/satellite#ThermalControlSubsystem,evidenceForClass,0.001
zcr_THERMISTOR_ROD_9,https://sensorwf.org/ontologies/satellite#ThermalControlSubsystem,evidenceForClass,0.001
zcr_THERMISTOR_ROD_10,https://sensorwf.org/ontologies/satellite#ThermalControlSubsystem,evidenceForClass,0.001
zcr_THERMISTOR_ROD_11,https://sensorwf.org/ontologies/satellite#ThermalControlSubsystem,evidenceForClass,0.001
zcr_THERMISTOR_ROD_12,https://sensorwf.org/ontologies/satellite#ThermalControlSubsystem,evidenceForClass,0.001
zcr_THERMISTOR_ROD_13,https://sensorwf.org/ontologies/satellite#ThermalControlSubsystem,evidenceForClass,0.001
zcr_THERMISTOR_ROD_14,https://sensorwf.org/ontologies/satellite#ThermalControlSubsystem,evidenceForClass,0.001
zcr_THERMISTOR_ROD_15,https://sensorwf.org/ontologies/satellite#ThermalControlSubsystem,evidenceForClass,0.001
zcr_THERMISTOR_ROD_16,https://sensorwf.org/ontologies/satellite#ThermalControlSubsystem,evidenceForClass,0.001
zcr_THERMISTOR_BATH_1,https://sensorwf.org/ontologies/satellite#ThermalControlSubsystem,evidenceForClass,0.001
zcr_THERMISTOR_BATH_2,https://sensorwf.org/ontologies/satellite#ThermalControlSubsystem,evidenceForClass,0.001
zcr_THERMISTOR_BATH_3,https://sensorwf.org/ontologies/satellite#ThermalControlSubsystem,evidenceForClass,0.001
zcr_THERMISTOR_EXP3,https://sensorwf.org/ontologies/satellite#ThermalControlSubsystem,evidenceForClass,0.001
zcr_THERMISTOR_HEATER,https://sensorwf.org/ontologies/satellite#ThermalControlSubsystem,evidenceForClass,0.001
zcr_PWR_SW_VERSION,https://sensorwf.org/ontologies/satellite#ElectricalPowerSubsystem,evidenceForClass,0.001
zcr_COMMS_SW_VERSION,https://sensorwf.org/ontologies/satellite#CommunicationsSubsystem,evidenceForClass,0.001
zcr_PWR_SYS,https://sensorwf.org/ontologies/satellite#ElectricalPowerSubsystem,evidenceForClass,0.001
zcr_PWR_PLAT_5V,https://sensorwf.org/ontologies/satellite#ElectricalPowerSubsystem,evidenceForClass,0.001
zcr_PWR_OBC_PWR,https://sensorwf.org/ontologies/satellite#ElectricalPowerSubsystem,evidenceForClass,0.001
zcr_PWR_COMMS_PWR,https://sensorwf.org/ontologies/satellite#ElectricalPowerSubsystem,evidenceForClass,0.001
zcr_ACCEL_X,https://sensorwf.org/ontologies/satellite#AttitudeDeterminationAndControlSubsystem,evidenceForClass,0.001
zcr_ACCEL_Y,https://sensorwf.org/ontologies/satellite#AttitudeDeterminationAndControlSubsystem,evidenceForClass,0.001
zcr_ACCEL_Z,https://sensorwf.org/ontologies/satellite#AttitudeDeterminationAndControlSubsystem,evidenceForClass,0.001
zcr_GYRO_X,https://sensorwf.org/ontologies/satellite#AttitudeDeterminationAndControlSubsystem,evidenceForClass,0.001
zcr_GYRO_Y,https://sensorwf.org/ontologies/satellite#AttitudeDeterminationAndControlSubsystem,evidenceForClass,0.001
zcr_GYRO_Z,https://sensorwf.org/ontologies/satellite#AttitudeDeterminationAndControlSubsystem,evidenceForClass,0.001
zcr_MAG_X,https://sensorwf.org/ontologies/satellite#AttitudeDeterminationAndControlSubsystem,evidenceForClass,0.001
zcr_MAG_Y,https://sensorwf.org/ontologies/satellite#AttitudeDeterminationAndControlSubsystem,evidenceForClass,0.001
zcr_MAG_Z,https://sensorwf.org/ontologies/satellite#AttitudeDeterminationAndControlSubsystem,evidenceForClass,0.001
zcr_SUN_SENSOR_1a,https://sensorwf.org/ontologies/satellite#AttitudeDeterminationAndControlSubsystem,evidenceForClass,0.001
zcr_SUN_SENSOR_1b,https://sensorwf.org/ontologies/satellite#AttitudeDeterminationAndControlSubsystem,evidenceForClass,0.001
zcr_SUN_SENSOR_2a,https://sensorwf.org/ontologies/satellite#AttitudeDeterminationAndControlSubsystem,evidenceForClass,0.001
zcr_SUN_SENSOR_2b,https://sensorwf.org/ontologies/satellite#AttitudeDeterminationAndControlSubsystem,evidenceForClass,0.001
zcr_SUN_SENSOR_3a,https://sensorwf.org/ontologies/satellite#AttitudeDeterminationAndControlSubsystem,evidenceForClass,0.001
zcr_SUN_SENSOR_3b,https://sensorwf.org/ontologies/satellite#AttitudeDeterminationAndControlSubsystem,evidenceForClass,0.001
zcr_SUN_SENSOR_4a,https://sensorwf.org/ontologies/satellite#AttitudeDeterminationAndControlSubsystem,evidenceForClass,0.001
zcr_SUN_SENSOR_4b,https://sensorwf.org/ontologies/satellite#AttitudeDeterminationAndControlSubsystem,evidenceForClass,0.001
zcr_SUN_ANGLE,https://sensorwf.org/ontologies/satellite#AttitudeDeterminationAndControlSubsystem,evidenceForClass,0.001
zcr_WHEEL_SPEED,https://sensorwf.org/ontologies/satellite#AttitudeDeterminationAndControlSubsystem,evidenceForClass,0.001
zcr_MAG_DEPLOYMENT_STATUS,https://sensorwf.org/ontologies/satellite#AttitudeDeterminationAndControlSubsystem,evidenceForClass,0.001
se_FSW_DB_VER,https://sensorwf.org/ontologies/satellite#OnBoardDataHandling,evidenceForClass,0.001
se_CMD_RCV_CNT,https://sensorwf.org/ontologies/satellite#OnBoardDataHandling,evidenceForClass,0.001
se_CMD_ACC_CNT,https://sensorwf.org/ontologies/satellite#OnBoardDataHandling,evidenceForClass,0.001
se_CMD_REJ_CNT,https://sensorwf.org/ontologies/satellite#OnBoardDataHandling,evidenceForClass,0.001
se_CMD_INC_CNT,https://sensorwf.org/ontologies/satellite#OnBoardDataHandling,evidenceForClass,0.001
se_PLATFORM_PWR_STATUS,https://sensorwf.org/ontologies/satellite#ElectricalPowerSubsystem,evidenceForClass,0.001
se_ADCS_PWR_STATUS,https://sensorwf.org/ontologies/satellite#ElectricalPowerSubsystem,evidenceForClass,0.001
se_PAYLOAD_PWR_STATUS,https://sensorwf.org/ontologies/satellite#ElectricalPowerSubsystem,evidenceForClass,0.001
se_SPR_PWR_STATUS,https://sensorwf.org/ontologies/satellite#ElectricalPowerSubsystem,evidenceForClass,0.001
se_SOLAR_V,https://sensorwf.org/ontologies/satellite#ElectricalPowerSubsystem,evidenceForClass,0.001
se_SOLAR_S,https://sensorwf.org/ontologies/satellite#ElectricalPowerSubsystem,evidenceForClass,0.001
se_EXT_V,https://sensorwf.org/ontologies/satellite#ElectricalPowerSubsystem,evidenceForClass,0.001
se_EXT_S,https://sensorwf.org/ontologies/satellite#ElectricalPowerSubsystem,evidenceForClass,0.001
se_BATT_CHR_V,https://sensorwf.org/ontologies/satellite#ElectricalPowerSubsystem,evidenceForClass,0.001
se_BATT_CHR_I,https://sensorwf.org/ontologies/satellite#ElectricalPowerSubsystem,evidenceForClass,0.001
se_BATT_CHR_STATUS,https://sensorwf.org/ontologies/satellite#ElectricalPowerSubsystem,evidenceForClass,0.001
se_SYS_V,https://sensorwf.org/ontologies/satellite#ElectricalPowerSubsystem,evidenceForClass,0.001
se_SYS_I,https://sensorwf.org/ontologies/satellite#ElectricalPowerSubsystem,evidenceForClass,0.001
se_PLAT_5V_V,https://sensorwf.org/ontologies/satellite#ElectricalPowerSubsystem,evidenceForClass,0.001
se_PLAT_5V_I,https://sensorwf.org/ontologies/satellite#ElectricalPowerSubsystem,evidenceForClass,0.001
se_OBC_PWR_V,https://sensorwf.org/ontologies/satellite#ElectricalPowerSubsystem,evidenceForClass,0.001
se_OBC_PWR_I,https://sensorwf.org/ontologies/satellite#ElectricalPowerSubsystem,evidenceForClass,0.001
se_ADCS_PROC_PWR_V,https://sensorwf.org/ontologies/satellite#ElectricalPowerSubsystem,evidenceForClass,0.001
se_ADCS_PROC_PWR_I,https://sensorwf.org/ontologies/satellite#ElectricalPowerSubsystem,evidenceForClass,0.001
se_ADCS_PER_PWR_V,https://sensorwf.org/ontologies/satellite#ElectricalPowerSubsystem,evidenceForClass,0.001
se_ADCS_PER_PWR_I,https://sensorwf.org/ontologies/satellite#ElectricalPowerSubsystem,evidenceForClass,0.001
se_COMMS_PWR_V,https://sensorwf.org/ontologies/satellite#ElectricalPowerSubsystem,evidenceForClass,0.001
se_COMMS_PWR_I,https://sensorwf.org/ontologies/satellite#ElectricalPowerSubsystem,evidenceForClass,0.001
se_TEMP_SOLAR,https://sensorwf.org/ontologies/satellite#ThermalControlSubsystem,evidenceForClass,0.001
se_TEMP_EPS,https://sensorwf.org/ontologies/satellite#ThermalControlSubsystem,evidenceForClass,0.001
se_TEMP_BATTERY,https://sensorwf.org/ontologies/satellite#ThermalControlSubsystem,evidenceForClass,0.001
se_TEMP_BACKPLANE,https://sensorwf.org/ontologies/satellite#OnBoardDataHandling,evidenceForClass,0.001
se_TEMP_OBDH,https://sensorwf.org/ontologies/satellite#OnBoardDataHandling,evidenceForClass,0.001
se_TEMP_ADCS,https://sensorwf.org/ontologies/satellite#ThermalControlSubsystem,evidenceForClass,0.001
se_TEMP_WHEEL,https://sensorwf.org/ontologies/satellite#ThermalControlSubsystem,evidenceForClass,0.001
se_TEMP_COMMS,https://sensorwf.org/ontologies/satellite#ThermalControlSubsystem,evidenceForClass,0.001
se_TEMP_PAYLOAD,https://sensorwf.org/ontologies/satellite#ThermalControlSubsystem,evidenceForClass,0.001
se_TEMP_EPS_L,https://sensorwf.org/ontologies/satellite#ThermalControlSubsystem,evidenceForClass,0.001
se_TEMP_OBDH_L,https://sensorwf.org/ontologies/satellite#OnBoardDataHandling,evidenceForClass,0.001
se_TEMP_ADCS_L,https://sensorwf.org/ontologies/satellite#ThermalControlSubsystem,evidenceForClass,0.001
se_TEMP_WHEEL_L,https://sensorwf.org/ontologies/satellite#AttitudeDeterminationAndControlSubsystem,evidenceForClass,0.001
se_TEMP_COMMS_L,https://sensorwf.org/ontologies/satellite#ThermalControlSubsystem,evidenceForClass,0.001
se_TEMP_PAYLOAD_L,https://sensorwf.org/ontologies/satellite#ThermalControlSubsystem,evidenceForClass,0.001
se_FREQ,https://sensorwf.org/ontologies/satellite#CommunicationsSubsystem,evidenceForClass,0.001
se_RSSI,https://sensorwf.org/ontologies/satellite#CommunicationsSubsystem,evidenceForClass,0.001
se_TX_POWER,https://sensorwf.org/ontologies/satellite#CommunicationsSubsystem,evidenceForClass,0.001
se_FRAME_ERR,https://sensorwf.org/ontologies/satellite#CommunicationsSubsystem,evidenceForClass,0.001
se_THERMISTOR_ROD_1,https://sensorwf.org/ontologies/satellite#ThermalControlSubsystem,evidenceForClass,0.001
se_THERMISTOR_ROD_2,https://sensorwf.org/ontologies/satellite#ThermalControlSubsystem,evidenceForClass,0.001
se_THERMISTOR_ROD_3,https://sensorwf.org/ontologies/satellite#ThermalControlSubsystem,evidenceForClass,0.001
se_THERMISTOR_ROD_4,https://sensorwf.org/ontologies/satellite#ThermalControlSubsystem,evidenceForClass,0.001
se_THERMISTOR_ROD_5,https://sensorwf.org/ontologies/satellite#ThermalControlSubsystem,evidenceForClass,0.001
se_THERMISTOR_ROD_6,https://sensorwf.org/ontologies/satellite#ThermalControlSubsystem,evidenceForClass,0.001
se_THERMISTOR_ROD_7,https://sensorwf.org/ontologies/satellite#ThermalControlSubsystem,evidenceForClass,0.001
se_THERMISTOR_ROD_8,https://sensorwf.org/ontologies/satellite#ThermalControlSubsystem,evidenceForClass,0.001
se_THERMISTOR_ROD_9,https://sensorwf.org/ontologies/satellite#ThermalControlSubsystem,evidenceForClass,0.001
se_THERMISTOR_ROD_10,https://sensorwf.org/ontologies/satellite#ThermalControlSubsystem,evidenceForClass,0.001
se_THERMISTOR_ROD_11,https://sensorwf.org/ontologies/satellite#ThermalControlSubsystem,evidenceForClass,0.001
se_THERMISTOR_ROD_12,https://sensorwf.org/ontologies/satellite#ThermalControlSubsystem,evidenceForClass,0.001
se_THERMISTOR_ROD_13,https://sensorwf.org/ontologies/satellite#ThermalControlSubsystem,evidenceForClass,0.001
se_THERMISTOR_ROD_14,https://sensorwf.org/ontologies/satellite#ThermalControlSubsystem,evidenceForClass,0.001
se_THERMISTOR_ROD_15,https://sensorwf.org/ontologies/satellite#ThermalControlSubsystem,evidenceForClass,0.001
se_THERMISTOR_ROD_16,https://sensorwf.org/ontologies/satellite#ThermalControlSubsystem,evidenceForClass,0.001
se_THERMISTOR_BATH_1,https://sensorwf.org/ontologies/satellite#ThermalControlSubsystem,evidenceForClass,0.001
se_THERMISTOR_BATH_2,https://sensorwf.org/ontologies/satellite#ThermalControlSubsystem,evidenceForClass,0.001
se_THERMISTOR_BATH_3,https://sensorwf.org/ontologies/satellite#ThermalControlSubsystem,evidenceForClass,0.001
se_THERMISTOR_EXP3,https://sensorwf.org/ontologies/satellite#ThermalControlSubsystem,evidenceForClass,0.001
se_THERMISTOR_HEATER,https://sensorwf.org/ontologies/satellite#ThermalControlSubsystem,evidenceForClass,0.001
se_PWR_SW_VERSION,https://sensorwf.org/ontologies/satellite#ElectricalPowerSubsystem,evidenceForClass,0.001
se_COMMS_SW_VERSION,https://sensorwf.org/ontologies/satellite#CommunicationsSubsystem,evidenceForClass,0.001
se_PWR_SYS,https://sensorwf.org/ontologies/satellite#ElectricalPowerSubsystem,evidenceForClass,0.001
se_PWR_PLAT_5V,https://sensorwf.org/ontologies/satellite#ElectricalPowerSubsystem,evidenceForClass,0.001
se_PWR_OBC_PWR,https://sensorwf.org/ontologies/satellite#ElectricalPowerSubsystem,evidenceForClass,0.001
se_PWR_COMMS_PWR,https://sensorwf.org/ontologies/satellite#ElectricalPowerSubsystem,evidenceForClass,0.001
se_ACCEL_X,https://sensorwf.org/ontologies/satellite#AttitudeDeterminationAndControlSubsystem,evidenceForClass,0.001
se_ACCEL_Y,https://sensorwf.org/ontologies/satellite#AttitudeDeterminationAndControlSubsystem,evidenceForClass,0.001
se_ACCEL_Z,https://sensorwf.org/ontologies/satellite#AttitudeDeterminationAndControlSubsystem,evidenceForClass,0.001
se_GYRO_X,https://sensorwf.org/ontologies/satellite#AttitudeDeterminationAndControlSubsystem,evidenceForClass,0.001
se_GYRO_Y,https://sensorwf.org/ontologies/satellite#AttitudeDeterminationAndControlSubsystem,evidenceForClass,0.001
se_GYRO_Z,https://sensorwf.org/ontologies/satellite#AttitudeDeterminationAndControlSubsystem,evidenceForClass,0.001
se_MAG_X,https://sensorwf.org/ontologies/satellite#AttitudeDeterminationAndControlSubsystem,evidenceForClass,0.001
se_MAG_Y,https://sensorwf.org/ontologies/satellite#AttitudeDeterminationAndControlSubsystem,evidenceForClass,0.001
se_MAG_Z,https://sensorwf.org/ontologies/satellite#AttitudeDeterminationAndControlSubsystem,evidenceForClass,0.001
se_SUN_SENSOR_1a,https://sensorwf.org/ontologies/satellite#AttitudeDeterminationAndControlSubsystem,evidenceForClass,0.001
se_SUN_SENSOR_1b,https://sensorwf.org/ontologies/satellite#AttitudeDeterminationAndControlSubsystem,evidenceForClass,0.001
se_SUN_SENSOR_2a,https://sensorwf.org/ontologies/satellite#AttitudeDeterminationAndControlSubsystem,evidenceForClass,0.001
se_SUN_SENSOR_2b,https://sensorwf.org/ontologies/satellite#AttitudeDeterminationAndControlSubsystem,evidenceForClass,0.001
se_SUN_SENSOR_3a,https://sensorwf.org/ontologies/satellite#AttitudeDeterminationAndControlSubsystem,evidenceForClass,0.001
se_SUN_SENSOR_3b,https://sensorwf.org/ontologies/satellite#AttitudeDeterminationAndControlSubsystem,evidenceForClass,0.001
se_SUN_SENSOR_4a,https://sensorwf.org/ontologies/satellite#AttitudeDeterminationAndControlSubsystem,evidenceForClass,0.001
se_SUN_SENSOR_4b,https://sensorwf.org/ontologies/satellite#AttitudeDeterminationAndControlSubsystem,evidenceForClass,0.001
se_SUN_ANGLE,https://sensorwf.org/ontologies/satellite#AttitudeDeterminationAndControlSubsystem,evidenceForClass,0.001
se_WHEEL_SPEED,https://sensorwf.org/ontologies/satellite#AttitudeDeterminationAndControlSubsystem,evidenceForClass,0.001
se_MAG_DEPLOYMENT_STATUS,https://sensorwf.org/ontologies/satellite#AttitudeDeterminationAndControlSubsystem,evidenceForClass,0.001
df_FSW_DB_VER,https://sensorwf.org/ontologies/satellite#OnBoardDataHandling,evidenceForClass,0.001
df_CMD_RCV_CNT,https://sensorwf.org/ontologies/satellite#OnBoardDataHandling,evidenceForClass,0.001
df_CMD_ACC_CNT,https://sensorwf.org/ontologies/satellite#OnBoardDataHandling,evidenceForClass,0.001
df_CMD_REJ_CNT,https://sensorwf.org/ontologies/satellite#OnBoardDataHandling,evidenceForClass,0.001
df_CMD_INC_CNT,https://sensorwf.org/ontologies/satellite#OnBoardDataHandling,evidenceForClass,0.001
df_PLATFORM_PWR_STATUS,https://sensorwf.org/ontologies/satellite#ElectricalPowerSubsystem,evidenceForClass,0.001
df_ADCS_PWR_STATUS,https://sensorwf.org/ontologies/satellite#ElectricalPowerSubsystem,evidenceForClass,0.001
df_PAYLOAD_PWR_STATUS,https://sensorwf.org/ontologies/satellite#ElectricalPowerSubsystem,evidenceForClass,0.001
df_SPR_PWR_STATUS,https://sensorwf.org/ontologies/satellite#ElectricalPowerSubsystem,evidenceForClass,0.001
df_SOLAR_V,https://sensorwf.org/ontologies/satellite#ElectricalPowerSubsystem,evidenceForClass,0.001
df_SOLAR_S,https://sensorwf.org/ontologies/satellite#ElectricalPowerSubsystem,evidenceForClass,0.001
df_EXT_V,https://sensorwf.org/ontologies/satellite#ElectricalPowerSubsystem,evidenceForClass,0.001
df_EXT_S,https://sensorwf.org/ontologies/satellite#ElectricalPowerSubsystem,evidenceForClass,0.001
df_BATT_CHR_V,https://sensorwf.org/ontologies/satellite#ElectricalPowerSubsystem,evidenceForClass,0.001
df_BATT_CHR_I,https://sensorwf.org/ontologies/satellite#ElectricalPowerSubsystem,evidenceForClass,0.001
df_BATT_CHR_STATUS,https://sensorwf.org/ontologies/satellite#ElectricalPowerSubsystem,evidenceForClass,0.001
df_SYS_V,https://sensorwf.org/ontologies/satellite#ElectricalPowerSubsystem,evidenceForClass,0.001
df_SYS_I,https://sensorwf.org/ontologies/satellite#ElectricalPowerSubsystem,evidenceForClass,0.001
df_PLAT_5V_V,https://sensorwf.org/ontologies/satellite#ElectricalPowerSubsystem,evidenceForClass,0.001
df_PLAT_5V_I,https://sensorwf.org/ontologies/satellite#ElectricalPowerSubsystem,evidenceForClass,0.001
df_OBC_PWR_V,https://sensorwf.org/ontologies/satellite#ElectricalPowerSubsystem,evidenceForClass,0.001
df_OBC_PWR_I,https://sensorwf.org/ontologies/satellite#ElectricalPowerSubsystem,evidenceForClass,0.001
df_ADCS_PROC_PWR_V,https://sensorwf.org/ontologies/satellite#ElectricalPowerSubsystem,evidenceForClass,0.001
df_ADCS_PROC_PWR_I,https://sensorwf.org/ontologies/satellite#ElectricalPowerSubsystem,evidenceForClass,0.001
df_ADCS_PER_PWR_V,https://sensorwf.org/ontologies/satellite#ElectricalPowerSubsystem,evidenceForClass,0.001
df_ADCS_PER_PWR_I,https://sensorwf.org/ontologies/satellite#ElectricalPowerSubsystem,evidenceForClass,0.001
df_COMMS_PWR_V,https://sensorwf.org/ontologies/satellite#ElectricalPowerSubsystem,evidenceForClass,0.001
df_COMMS_PWR_I,https://sensorwf.org/ontologies/satellite#ElectricalPowerSubsystem,evidenceForClass,0.001
df_TEMP_SOLAR,https://sensorwf.org/ontologies/satellite#ThermalControlSubsystem,evidenceForClass,0.001
df_TEMP_EPS,https://sensorwf.org/ontologies/satellite#ThermalControlSubsystem,evidenceForClass,0.001
df_TEMP_BATTERY,https://sensorwf.org/ontologies/satellite#ThermalControlSubsystem,evidenceForClass,0.001
df_TEMP_BACKPLANE,https://sensorwf.org/ontologies/satellite#OnBoardDataHandling,evidenceForClass,0.001
df_TEMP_OBDH,https://sensorwf.org/ontologies/satellite#OnBoardDataHandling,evidenceForClass,0.001
df_TEMP_ADCS,https://sensorwf.org/ontologies/satellite#ThermalControlSubsystem,evidenceForClass,0.001
df_TEMP_WHEEL,https://sensorwf.org/ontologies/satellite#ThermalControlSubsystem,evidenceForClass,0.001
df_TEMP_COMMS,https://sensorwf.org/ontologies/satellite#ThermalControlSubsystem,evidenceForClass,0.001
df_TEMP_PAYLOAD,https://sensorwf.org/ontologies/satellite#ThermalControlSubsystem,evidenceForClass,0.001
df_TEMP_EPS_L,https://sensorwf.org/ontologies/satellite#ThermalControlSubsystem,evidenceForClass,0.001
df_TEMP_OBDH_L,https://sensorwf.org/ontologies/satellite#OnBoardDataHandling,evidenceForClass,0.001
df_TEMP_ADCS_L,https://sensorwf.org/ontologies/satellite#ThermalControlSubsystem,evidenceForClass,0.001
df_TEMP_WHEEL_L,https://sensorwf.org/ontologies/satellite#AttitudeDeterminationAndControlSubsystem,evidenceForClass,0.001
df_TEMP_COMMS_L,https://sensorwf.org/ontologies/satellite#ThermalControlSubsystem,evidenceForClass,0.001
df_TEMP_PAYLOAD_L,https://sensorwf.org/ontologies/satellite#ThermalControlSubsystem,evidenceForClass,0.001
df_FREQ,https://sensorwf.org/ontologies/satellite#CommunicationsSubsystem,evidenceForClass,0.001
df_RSSI,https://sensorwf.org/ontologies/satellite#CommunicationsSubsystem,evidenceForClass,0.001
df_TX_POWER,https://sensorwf.org/ontologies/satellite#CommunicationsSubsystem,evidenceForClass,0.001
df_FRAME_ERR,https://sensorwf.org/ontologies/satellite#CommunicationsSubsystem,evidenceForClass,0.001
df_THERMISTOR_ROD_1,https://sensorwf.org/ontologies/satellite#ThermalControlSubsystem,evidenceForClass,0.001
df_THERMISTOR_ROD_2,https://sensorwf.org/ontologies/satellite#ThermalControlSubsystem,evidenceForClass,0.001
df_THERMISTOR_ROD_3,https://sensorwf.org/ontologies/satellite#ThermalControlSubsystem,evidenceForClass,0.001
df_THERMISTOR_ROD_4,https://sensorwf.org/ontologies/satellite#ThermalControlSubsystem,evidenceForClass,0.001
df_THERMISTOR_ROD_5,https://sensorwf.org/ontologies/satellite#ThermalControlSubsystem,evidenceForClass,0.001
df_THERMISTOR_ROD_6,https://sensorwf.org/ontologies/satellite#ThermalControlSubsystem,evidenceForClass,0.001
df_THERMISTOR_ROD_7,https://sensorwf.org/ontologies/satellite#ThermalControlSubsystem,evidenceForClass,0.001
df_THERMISTOR_ROD_8,https://sensorwf.org/ontologies/satellite#ThermalControlSubsystem,evidenceForClass,0.001
df_THERMISTOR_ROD_9,https://sensorwf.org/ontologies/satellite#ThermalControlSubsystem,evidenceForClass,0.001
df_THERMISTOR_ROD_10,https://sensorwf.org/ontologies/satellite#ThermalControlSubsystem,evidenceForClass,0.001
df_THERMISTOR_ROD_11,https://sensorwf.org/ontologies/satellite#ThermalControlSubsystem,evidenceForClass,0.001
df_THERMISTOR_ROD_12,https://sensorwf.org/ontologies/satellite#ThermalControlSubsystem,evidenceForClass,0.001
df_THERMISTOR_ROD_13,https://sensorwf.org/ontologies/satellite#ThermalControlSubsystem,evidenceForClass,0.001
df_THERMISTOR_ROD_14,https://sensorwf.org/ontologies/satellite#ThermalControlSubsystem,evidenceForClass,0.001
df_THERMISTOR_ROD_15,https://sensorwf.org/ontologies/satellite#ThermalControlSubsystem,evidenceForClass,0.001
df_THERMISTOR_ROD_16,https://sensorwf.org/ontologies/satellite#ThermalControlSubsystem,evidenceForClass,0.001
df_THERMISTOR_BATH_1,https://sensorwf.org/ontologies/satellite#ThermalControlSubsystem,evidenceForClass,0.001
df_THERMISTOR_BATH_2,https://sensorwf.org/ontologies/satellite#ThermalControlSubsystem,evidenceForClass,0.001
df_THERMISTOR_BATH_3,https://sensorwf.org/ontologies/satellite#ThermalControlSubsystem,evidenceForClass,0.001
df_THERMISTOR_EXP3,https://sensorwf.org/ontologies/satellite#ThermalControlSubsystem,evidenceForClass,0.001
df_THERMISTOR_HEATER,https://sensorwf.org/ontologies/satellite#ThermalControlSubsystem,evidenceForClass,0.001
df_PWR_SW_VERSION,https://sensorwf.org/ontologies/satellite#ElectricalPowerSubsystem,evidenceForClass,0.001
df_COMMS_SW_VERSION,https://sensorwf.org/ontologies/satellite#CommunicationsSubsystem,evidenceForClass,0.001
df_PWR_SYS,https://sensorwf.org/ontologies/satellite#ElectricalPowerSubsystem,evidenceForClass,0.001
df_PWR_PLAT_5V,https://sensorwf.org/ontologies/satellite#ElectricalPowerSubsystem,evidenceForClass,0.001
df_PWR_OBC_PWR,https://sensorwf.org/ontologies/satellite#ElectricalPowerSubsystem,evidenceForClass,0.001
df_PWR_COMMS_PWR,https://sensorwf.org/ontologies/satellite#ElectricalPowerSubsystem,evidenceForClass,0.001
df_ACCEL_X,https://sensorwf.org/ontologies/satellite#AttitudeDeterminationAndControlSubsystem,evidenceForClass,0.001
df_ACCEL_Y,https://sensorwf.org/ontologies/satellite#AttitudeDeterminationAndControlSubsystem,evidenceForClass,0.001
df_ACCEL_Z,https://sensorwf.org/ontologies/satellite#AttitudeDeterminationAndControlSubsystem,evidenceForClass,0.001
df_GYRO_X,https://sensorwf.org/ontologies/satellite#AttitudeDeterminationAndControlSubsystem,evidenceForClass,0.001
df_GYRO_Y,https://sensorwf.org/ontologies/satellite#AttitudeDeterminationAndControlSubsystem,evidenceForClass,0.001
df_GYRO_Z,https://sensorwf.org/ontologies/satellite#AttitudeDeterminationAndControlSubsystem,evidenceForClass,0.001
df_MAG_X,https://sensorwf.org/ontologies/satellite#AttitudeDeterminationAndControlSubsystem,evidenceForClass,0.001
df_MAG_Y,https://sensorwf.org/ontologies/satellite#AttitudeDeterminationAndControlSubsystem,evidenceForClass,0.001
df_MAG_Z,https://sensorwf.org/ontologies/satellite#AttitudeDeterminationAndControlSubsystem,evidenceForClass,0.001
df_SUN_SENSOR_1a,https://sensorwf.org/ontologies/satellite#AttitudeDeterminationAndControlSubsystem,evidenceForClass,0.001
df_SUN_SENSOR_1b,https://sensorwf.org/ontologies/satellite#AttitudeDeterminationAndControlSubsystem,evidenceForClass,0.001
df_SUN_SENSOR_2a,https://sensorwf.org/ontologies/satellite#AttitudeDeterminationAndControlSubsystem,evidenceForClass,0.001
df_SUN_SENSOR_2b,https://sensorwf.org/ontologies/satellite#AttitudeDeterminationAndControlSubsystem,evidenceForClass,0.001
df_SUN_SENSOR_3a,https://sensorwf.org/ontologies/satellite#AttitudeDeterminationAndControlSubsystem,evidenceForClass,0.001
df_SUN_SENSOR_3b,https://sensorwf.org/ontologies/satellite#AttitudeDeterminationAndControlSubsystem,evidenceForClass,0.001
df_SUN_SENSOR_4a,https://sensorwf.org/ontologies/satellite#AttitudeDeterminationAndControlSubsystem,evidenceForClass,0.001
df_SUN_SENSOR_4b,https://sensorwf.org/ontologies/satellite#AttitudeDeterminationAndControlSubsystem,evidenceForClass,0.001
df_SUN_ANGLE,https://sensorwf.org/ontologies/satellite#AttitudeDeterminationAndControlSubsystem,evidenceForClass,0.001
df_WHEEL_SPEED,https://sensorwf.org/ontologies/satellite#AttitudeDeterminationAndControlSubsystem,evidenceForClass,0.001
df_MAG_DEPLOYMENT_STATUS,https://sensorwf.org/ontologies/satellite#AttitudeDeterminationAndControlSubsystem,evidenceForClass,0.001
