node_id,node_type,label
FSW_DB_VER,feature,FSW_DB_VER
https://sensorwf.org/ontologies/satellite#OnBoardDataHandling,ontologyclass,//sensorwf.org/ontologies/satellite#OnBoardDataHandling
DAY,feature,DAY
HOUR,feature,HOUR
MINUTE,feature,MINUTE
SECOND,feature,SECOND
SC_ID,feature,SC_ID
CMD_RCV_CNT,feature,CMD_RCV_CNT
CMD_ACC_CNT,feature,CMD_ACC_CNT
CMD_REJ_CNT,feature,CMD_REJ_CNT
CMD_INC_CNT,feature,CMD_INC_CNT
PAYLOAD_STATUS,feature,PAYLOAD_STATUS
PLATFORM_PWR_STATUS,feature,PLATFORM_PWR_STATUS
https://sensorwf.org/ontologies/satellite#ElectricalPowerSubsystem,ontologyclass,//sensorwf.org/ontologies/satellite#ElectricalPowerSubsystem
ADCS_PWR_STATUS,feature,ADCS_PWR_STATUS
PAYLOAD_PWR_STATUS,feature,PAYLOAD_PWR_STATUS
SPR_PWR_STATUS,feature,SPR_PWR_STATUS
SOLAR_V,feature,SOLAR_V
SOLAR_S,feature,SOLAR_S
EXT_V,feature,EXT_V
EXT_S,feature,EXT_S
BATT_CHR_V,feature,BATT_CHR_V
BATT_CHR_I,feature,BATT_CHR_I
BATT_CHR_STATUS,feature,BATT_CHR_STATUS
SYS_V,feature,SYS_V
SYS_I,feature,SYS_I
SPR_V,feature,SPR_V
SPR_I,feature,SPR_I
PLAT_5V_V,feature,PLAT_5V_V
PLAT_5V_I,feature,PLAT_5V_I
ADCS_5V_V,feature,ADCS_5V_V
ADCS_5V_I,feature,ADCS_5V_I
PAYLOAD_5V_V,feature,PAYLOAD_5V_V
PAYLOAD_5V_I,feature,PAYLOAD_5V_I
OBC_PWR_V,feature,OBC_PWR_V
OBC_PWR_I,feature,OBC_PWR_I
ADCS_PROC_PWR_V,feature,ADCS_PROC_PWR_V
ADCS_PROC_PWR_I,feature,ADCS_PROC_PWR_I
ADCS_PER_PWR_V,feature,ADCS_PER_PWR_V
ADCS_PER_PWR_I,feature,ADCS_PER_PWR_I
COMMS_PWR_V,feature,COMMS_PWR_V
COMMS_PWR_I,feature,COMMS_PWR_I
TEMP_SOLAR,feature,TEMP_SOLAR
https://sensorwf.org/ontologies/satellite#ThermalControlSubsystem,ontologyclass,//sensorwf.org/ontologies/satellite#ThermalControlSubsystem
TEMP_EPS,feature,TEMP_EPS
TEMP_BATTERY,feature,TEMP_BATTERY
TEMP_BACKPLANE,feature,TEMP_BACKPLANE
TEMP_OBDH,feature,TEMP_OBDH
TEMP_ADCS,feature,TEMP_ADCS
TEMP_WHEEL,feature,TEMP_WHEEL
TEMP_COMMS,feature,TEMP_COMMS
TEMP_PAYLOAD,feature,TEMP_PAYLOAD
TEMP_EPS_L,feature,TEMP_EPS_L
TEMP_OBDH_L,feature,TEMP_OBDH_L
TEMP_ADCS_L,feature,TEMP_ADCS_L
TEMP_WHEEL_L,feature,TEMP_WHEEL_L
https://sensorwf.org/ontologies/satellite#AttitudeDeterminationAndControlSubsystem,ontologyclass,//sensorwf.org/ontologies/satellite#AttitudeDeterminationAndControlSubsystem
TEMP_COMMS_L,feature,TEMP_COMMS_L
TEMP_PAYLOAD_L,feature,TEMP_PAYLOAD_L
FREQ,feature,FREQ
https://sensorwf.org/ontologies/satellite#CommunicationsSubsystem,ontologyclass,//sensorwf.org/ontologies/satellite#CommunicationsSubsystem
RSSI,feature,RSSI
TX_POWER,feature,TX_POWER
FRAME_ERR,feature,FRAME_ERR
TEMP_THERM_EXP_L,feature,TEMP_THERM_EXP_L
THERMISTOR_ROD_1,feature,THERMISTOR_ROD_1
THERMISTOR_ROD_2,feature,THERMISTOR_ROD_2
THERMISTOR_ROD_3,feature,THERMISTOR_ROD_3
THERMISTOR_ROD_4,feature,THERMISTOR_ROD_4
THERMISTOR_ROD_5,feature,THERMISTOR_ROD_5
THERMISTOR_ROD_6,feature,THERMISTOR_ROD_6
THERMISTOR_ROD_7,feature,THERMISTOR_ROD_7
THERMISTOR_ROD_8,feature,THERMISTOR_ROD_8
THERMISTOR_ROD_9,feature,THERMISTOR_ROD_9
THERMISTOR_ROD_10,feature,THERMISTOR_ROD_10
THERMISTOR_ROD_11,feature,THERMISTOR_ROD_11
THERMISTOR_ROD_12,feature,THERMISTOR_ROD_12
THERMISTOR_ROD_13,feature,THERMISTOR_ROD_13
THERMISTOR_ROD_14,feature,THERMISTOR_ROD_14
THERMISTOR_ROD_15,feature,THERMISTOR_ROD_15
THERMISTOR_ROD_16,feature,THERMISTOR_ROD_16
THERMISTOR_BATH_1,feature,THERMISTOR_BATH_1
THERMISTOR_BATH_2,feature,THERMISTOR_BATH_2
THERMISTOR_BATH_3,feature,THERMISTOR_BATH_3
THERMISTOR_EXP3,feature,THERMISTOR_EXP3
THERMISTOR_HEATER,feature,THERMISTOR_HEATER
THERMAL_EXP_SW_VERSION,feature,THERMAL_EXP_SW_VERSION
OBC_SW_VERSION,feature,OBC_SW_VERSION
PWR_SW_VERSION,feature,PWR_SW_VERSION
COMMS_SW_VERSION,feature,COMMS_SW_VERSION
ADCS_SW_VERSION,feature,ADCS_SW_VERSION
ACTUATOR_SW_VERSION,feature,ACTUATOR_SW_VERSION
PWR_SYS,feature,PWR_SYS
PWR_PLAT_5V,feature,PWR_PLAT_5V
PWR_OBC_PWR,feature,PWR_OBC_PWR
PWR_COMMS_PWR,feature,PWR_COMMS_PWR
_has_stuck_thermistor,feature,_has_stuck_thermistor
ADCS_MODE,feature,ADCS_MODE
ACCEL_X,feature,ACCEL_X
ACCEL_Y,feature,ACCEL_Y
ACCEL_Z,feature,ACCEL_Z
GYRO_X,feature,GYRO_X
GYRO_Y,feature,GYRO_Y
GYRO_Z,feature,GYRO_Z
MAG_X,feature,MAG_X
MAG_Y,feature,MAG_Y
MAG_Z,feature,MAG_Z
SUN_SENSOR_1a,feature,SUN_SENSOR_1a
SUN_SENSOR_1b,feature,SUN_SENSOR_1b
SUN_SENSOR_2a,feature,SUN_SENSOR_2a
SUN_SENSOR_2b,feature,SUN_SENSOR_2b
SUN_SENSOR_3a,feature,SUN_SENSOR_3a
SUN_SENSOR_3b,feature,SUN_SENSOR_3b
SUN_SENSOR_4a,feature,SUN_SENSOR_4a
SUN_SENSOR_4b,feature,SUN_SENSOR_4b
SUN_ANGLE,feature,SUN_ANGLE
WHEEL_SPEED,feature,WHEEL_SPEED
MAGNETORQUER_X,feature,MAGNETORQUER_X
MAGNETORQUER_Y,feature,MAGNETORQUER_Y
MAGNETORQUER_Z,feature,MAGNETORQUER_Z
KP_VALUE,feature,KP_VALUE
KD_VALUE,feature,KD_VALUE
ADCS_VERSION,feature,ADCS_VERSION
ADCS_ACC_CNT,feature,ADCS_ACC_CNT
ADCS_REJ_CNT,feature,ADCS_REJ_CNT
ADCS_INC_CNT,feature,ADCS_INC_CNT
MAG_DEPLOYMENT_STATUS,feature,MAG_DEPLOYMENT_STATUS
d_FSW_DB_VER,feature,d_FSW_DB_VER
d_DAY,feature,d_DAY
d_HOUR,feature,d_HOUR
d_MINUTE,feature,d_MINUTE
d_SECOND,feature,d_SECOND
d_SC_ID,feature,d_SC_ID
d_CMD_RCV_CNT,feature,d_CMD_RCV_CNT
d_CMD_ACC_CNT,feature,d_CMD_ACC_CNT
d_CMD_REJ_CNT,feature,d_CMD_REJ_CNT
d_CMD_INC_CNT,feature,d_CMD_INC_CNT
d_PAYLOAD_STATUS,feature,d_PAYLOAD_STATUS
d_PLATFORM_PWR_STATUS,feature,d_PLATFORM_PWR_STATUS
d_ADCS_PWR_STATUS,feature,d_ADCS_PWR_STATUS
d_PAYLOAD_PWR_STATUS,feature,d_PAYLOAD_PWR_STATUS
d_SPR_PWR_STATUS,feature,d_SPR_PWR_STATUS
d_SOLAR_V,feature,d_SOLAR_V
d_SOLAR_S,feature,d_SOLAR_S
d_EXT_V,feature,d_EXT_V
d_EXT_S,feature,d_EXT_S
d_BATT_CHR_V,feature,d_BATT_CHR_V
d_BATT_CHR_I,feature,d_BATT_CHR_I
d_BATT_CHR_STATUS,feature,d_BATT_CHR_STATUS
d_SYS_V,feature,d_SYS_V
d_SYS_I,feature,d_SYS_I
d_SPR_V,feature,d_SPR_V
d_SPR_I,feature,d_SPR_I
d_PLAT_5V_V,feature,d_PLAT_5V_V
d_PLAT_5V_I,feature,d_PLAT_5V_I
d_ADCS_5V_V,feature,d_ADCS_5V_V
d_ADCS_5V_I,feature,d_ADCS_5V_I
d_PAYLOAD_5V_V,feature,d_PAYLOAD_5V_V
d_PAYLOAD_5V_I,feature,d_PAYLOAD_5V_I
d_OBC_PWR_V,feature,d_OBC_PWR_V
d_OBC_PWR_I,feature,d_OBC_PWR_I
d_ADCS_PROC_PWR_V,feature,d_ADCS_PROC_PWR_V
d_ADCS_PROC_PWR_I,feature,d_ADCS_PROC_PWR_I
d_ADCS_PER_PWR_V,feature,d_ADCS_PER_PWR_V
d_ADCS_PER_PWR_I,feature,d_ADCS_PER_PWR_I
d_COMMS_PWR_V,feature,d_COMMS_PWR_V
d_COMMS_PWR_I,feature,d_COMMS_PWR_I
d_TEMP_SOLAR,feature,d_TEMP_SOLAR
d_TEMP_EPS,feature,d_TEMP_EPS
d_TEMP_BATTERY,feature,d_TEMP_BATTERY
d_TEMP_BACKPLANE,feature,d_TEMP_BACKPLANE
d_TEMP_OBDH,feature,d_TEMP_OBDH
d_TEMP_ADCS,feature,d_TEMP_ADCS
d_TEMP_WHEEL,feature,d_TEMP_WHEEL
d_TEMP_COMMS,feature,d_TEMP_COMMS
d_TEMP_PAYLOAD,feature,d_TEMP_PAYLOAD
d_TEMP_EPS_L,feature,d_TEMP_EPS_L
d_TEMP_OBDH_L,feature,d_TEMP_OBDH_L
d_TEMP_ADCS_L,feature,d_TEMP_ADCS_L
d_TEMP_WHEEL_L,feature,d_TEMP_WHEEL_L
d_TEMP_COMMS_L,feature,d_TEMP_COMMS_L
d_TEMP_PAYLOAD_L,feature,d_TEMP_PAYLOAD_L
d_FREQ,feature,d_FREQ
d_RSSI,feature,d_RSSI
d_TX_POWER,feature,d_TX_POWER
d_FRAME_ERR,feature,d_FRAME_ERR
d_TEMP_THERM_EXP_L,feature,d_TEMP_THERM_EXP_L
d_THERMISTOR_ROD_1,feature,d_THERMISTOR_ROD_1
d_THERMISTOR_ROD_2,feature,d_THERMISTOR_ROD_2
d_THERMISTOR_ROD_3,feature,d_THERMISTOR_ROD_3
d_THERMISTOR_ROD_4,feature,d_THERMISTOR_ROD_4
d_THERMISTOR_ROD_5,feature,d_THERMISTOR_ROD_5
d_THERMISTOR_ROD_6,feature,d_THERMISTOR_ROD_6
d_THERMISTOR_ROD_7,feature,d_THERMISTOR_ROD_7
d_THERMISTOR_ROD_8,feature,d_THERMISTOR_ROD_8
d_THERMISTOR_ROD_9,feature,d_THERMISTOR_ROD_9
d_THERMISTOR_ROD_10,feature,d_THERMISTOR_ROD_10
d_THERMISTOR_ROD_11,feature,d_THERMISTOR_ROD_11
d_THERMISTOR_ROD_12,feature,d_THERMISTOR_ROD_12
d_THERMISTOR_ROD_13,feature,d_THERMISTOR_ROD_13
d_THERMISTOR_ROD_14,feature,d_THERMISTOR_ROD_14
d_THERMISTOR_ROD_15,feature,d_THERMISTOR_ROD_15
d_THERMISTOR_ROD_16,feature,d_THERMISTOR_ROD_16
d_THERMISTOR_BATH_1,feature,d_THERMISTOR_BATH_1
d_THERMISTOR_BATH_2,feature,d_THERMISTOR_BATH_2
d_THERMISTOR_BATH_3,feature,d_THERMISTOR_BATH_3
d_THERMISTOR_EXP3,feature,d_THERMISTOR_EXP3
d_THERMISTOR_HEATER,feature,d_THERMISTOR_HEATER
d_THERMAL_EXP_SW_VERSION,feature,d_THERMAL_EXP_SW_VERSION
d_OBC_SW_VERSION,feature,d_OBC_SW_VERSION
d_PWR_SW_VERSION,feature,d_PWR_SW_VERSION
d_COMMS_SW_VERSION,feature,d_COMMS_SW_VERSION
d_ADCS_SW_VERSION,feature,d_ADCS_SW_VERSION
d_ACTUATOR_SW_VERSION,feature,d_ACTUATOR_SW_VERSION
d_PWR_SYS,feature,d_PWR_SYS
d_PWR_PLAT_5V,feature,d_PWR_PLAT_5V
d_PWR_OBC_PWR,feature,d_PWR_OBC_PWR
d_PWR_COMMS_PWR,feature,d_PWR_COMMS_PWR
d__has_stuck_thermistor,feature,d__has_stuck_thermistor
d_ADCS_MODE,feature,d_ADCS_MODE
d_ACCEL_X,feature,d_ACCEL_X
d_ACCEL_Y,feature,d_ACCEL_Y
d_ACCEL_Z,feature,d_ACCEL_Z
d_GYRO_X,feature,d_GYRO_X
d_GYRO_Y,feature,d_GYRO_Y
d_GYRO_Z,feature,d_GYRO_Z
d_MAG_X,feature,d_MAG_X
d_MAG_Y,feature,d_MAG_Y
d_MAG_Z,feature,d_MAG_Z
d_SUN_SENSOR_1a,feature,d_SUN_SENSOR_1a
d_SUN_SENSOR_1b,feature,d_SUN_SENSOR_1b
d_SUN_SENSOR_2a,feature,d_SUN_SENSOR_2a
d_SUN_SENSOR_2b,feature,d_SUN_SENSOR_2b
d_SUN_SENSOR_3a,feature,d_SUN_SENSOR_3a
d_SUN_SENSOR_3b,feature,d_SUN_SENSOR_3b
d_SUN_SENSOR_4a,feature,d_SUN_SENSOR_4a
d_SUN_SENSOR_4b,feature,d_SUN_SENSOR_4b
d_SUN_ANGLE,feature,d_SUN_ANGLE
d_WHEEL_SPEED,feature,d_WHEEL_SPEED
d_MAGNETORQUER_X,feature,d_MAGNETORQUER_X
d_MAGNETORQUER_Y,feature,d_MAGNETORQUER_Y
d_MAGNETORQUER_Z,feature,d_MAGNETORQUER_Z
d_KP_VALUE,feature,d_KP_VALUE
d_KD_VALUE,feature,d_KD_VALUE
d_ADCS_VERSION,feature,d_ADCS_VERSION
d_ADCS_ACC_CNT,feature,d_ADCS_ACC_CNT
d_ADCS_REJ_CNT,feature,d_ADCS_REJ_CNT
d_ADCS_INC_CNT,feature,d_ADCS_INC_CNT
d_MAG_DEPLOYMENT_STATUS,feature,d_MAG_DEPLOYMENT_STATUS
dt_sample,feature,dt_sample
rm_FSW_DB_VER,feature,rm_FSW_DB_VER
rm_DAY,feature,rm_DAY
rm_HOUR,feature,rm_HOUR
rm_MINUTE,feature,rm_MINUTE
rm_SECOND,feature,rm_SECOND
rm_SC_ID,feature,rm_SC_ID
rm_CMD_RCV_CNT,feature,rm_CMD_RCV_CNT
rm_CMD_ACC_CNT,feature,rm_CMD_ACC_CNT
rm_CMD_REJ_CNT,feature,rm_CMD_REJ_CNT
rm_CMD_INC_CNT,feature,rm_CMD_INC_CNT
rm_PAYLOAD_STATUS,feature,rm_PAYLOAD_STATUS
rm_PLATFORM_PWR_STATUS,feature,rm_PLATFORM_PWR_STATUS
rm_ADCS_PWR_STATUS,feature,rm_ADCS_PWR_STATUS
rm_PAYLOAD_PWR_STATUS,feature,rm_PAYLOAD_PWR_STATUS
rm_SPR_PWR_STATUS,feature,rm_SPR_PWR_STATUS
rm_SOLAR_V,feature,rm_SOLAR_V
rm_SOLAR_S,feature,rm_SOLAR_S
rm_EXT_V,feature,rm_EXT_V
rm_EXT_S,feature,rm_EXT_S
rm_BATT_CHR_V,feature,rm_BATT_CHR_V
rm_BATT_CHR_I,feature,rm_BATT_CHR_I
rm_BATT_CHR_STATUS,feature,rm_BATT_CHR_STATUS
rm_SYS_V,feature,rm_SYS_V
rm_SYS_I,feature,rm_SYS_I
rm_SPR_V,feature,rm_SPR_V
rm_SPR_I,feature,rm_SPR_I
rm_PLAT_5V_V,feature,rm_PLAT_5V_V
rm_PLAT_5V_I,feature,rm_PLAT_5V_I
rm_ADCS_5V_V,feature,rm_ADCS_5V_V
rm_ADCS_5V_I,feature,rm_ADCS_5V_I
rm_PAYLOAD_5V_V,feature,rm_PAYLOAD_5V_V
rm_PAYLOAD_5V_I,feature,rm_PAYLOAD_5V_I
rm_OBC_PWR_V,feature,rm_OBC_PWR_V
rm_OBC_PWR_I,feature,rm_OBC_PWR_I
rm_ADCS_PROC_PWR_V,feature,rm_ADCS_PROC_PWR_V
rm_ADCS_PROC_PWR_I,feature,rm_ADCS_PROC_PWR_I
rm_ADCS_PER_PWR_V,feature,rm_ADCS_PER_PWR_V
rm_ADCS_PER_PWR_I,feature,rm_ADCS_PER_PWR_I
rm_COMMS_PWR_V,feature,rm_COMMS_PWR_V
rm_COMMS_PWR_I,feature,rm_COMMS_PWR_I
rm_TEMP_SOLAR,feature,rm_TEMP_SOLAR
rm_TEMP_EPS,feature,rm_TEMP_EPS
rm_TEMP_BATTERY,feature,rm_TEMP_BATTERY
rm_TEMP_BACKPLANE,feature,rm_TEMP_BACKPLANE
rm_TEMP_OBDH,feature,rm_TEMP_OBDH
rm_TEMP_ADCS,feature,rm_TEMP_ADCS
rm_TEMP_WHEEL,feature,rm_TEMP_WHEEL
rm_TEMP_COMMS,feature,rm_TEMP_COMMS
rm_TEMP_PAYLOAD,feature,rm_TEMP_PAYLOAD
rm_TEMP_EPS_L,feature,rm_TEMP_EPS_L
rm_TEMP_OBDH_L,feature,rm_TEMP_OBDH_L
rm_TEMP_ADCS_L,feature,rm_TEMP_ADCS_L
rm_TEMP_WHEEL_L,feature,rm_TEMP_WHEEL_L
rm_TEMP_COMMS_L,feature,rm_TEMP_COMMS_L
rm_TEMP_PAYLOAD_L,feature,rm_TEMP_PAYLOAD_L
rm_FREQ,feature,rm_FREQ
rm_RSSI,feature,rm_RSSI
rm_TX_POWER,feature,rm_TX_POWER
rm_FRAME_ERR,feature,rm_FRAME_ERR
rm_TEMP_THERM_EXP_L,feature,rm_TEMP_THERM_EXP_L
rm_THERMISTOR_ROD_1,feature,rm_THERMISTOR_ROD_1
rm_THERMISTOR_ROD_2,feature,rm_THERMISTOR_ROD_2
rm_THERMISTOR_ROD_3,feature,rm_THERMISTOR_ROD_3
rm_THERMISTOR_ROD_4,feature,rm_THERMISTOR_ROD_4
rm_THERMISTOR_ROD_5,feature,rm_THERMISTOR_ROD_5
rm_THERMISTOR_ROD_6,feature,rm_THERMISTOR_ROD_6
rm_THERMISTOR_ROD_7,feature,rm_THERMISTOR_ROD_7
rm_THERMISTOR_ROD_8,feature,rm_THERMISTOR_ROD_8
rm_THERMISTOR_ROD_9,feature,rm_THERMISTOR_ROD_9
rm_THERMISTOR_ROD_10,feature,rm_THERMISTOR_ROD_10
rm_THERMISTOR_ROD_11,feature,rm_THERMISTOR_ROD_11
rm_THERMISTOR_ROD_12,feature,rm_THERMISTOR_ROD_12
rm_THERMISTOR_ROD_13,feature,rm_THERMISTOR_ROD_13
rm_THERMISTOR_ROD_14,feature,rm_THERMISTOR_ROD_14
rm_THERMISTOR_ROD_15,feature,rm_THERMISTOR_ROD_15
rm_THERMISTOR_ROD_16,feature,rm_THERMISTOR_ROD_16
rm_THERMISTOR_BATH_1,feature,rm_THERMISTOR_BATH_1
rm_THERMISTOR_BATH_2,feature,rm_THERMISTOR_BATH_2
rm_THERMISTOR_BATH_3,feature,rm_THERMISTOR_BATH_3
rm_THERMISTOR_EXP3,feature,rm_THERMISTOR_EXP3
rm_THERMISTOR_HEATER,feature,rm_THERMISTOR_HEATER
rm_THERMAL_EXP_SW_VERSION,feature,rm_THERMAL_EXP_SW_VERSION
rm_OBC_SW_VERSION,feature,rm_OBC_SW_VERSION
rm_PWR_SW_VERSION,feature,rm_PWR_SW_VERSION
rm_COMMS_SW_VERSION,feature,rm_COMMS_SW_VERSION
rm_ADCS_SW_VERSION,feature,rm_ADCS_SW_VERSION
rm_ACTUATOR_SW_VERSION,feature,rm_ACTUATOR_SW_VERSION
rm_PWR_SYS,feature,rm_PWR_SYS
rm_PWR_PLAT_5V,feature,rm_PWR_PLAT_5V
rm_PWR_OBC_PWR,feature,rm_PWR_OBC_PWR
rm_PWR_COMMS_PWR,feature,rm_PWR_COMMS_PWR
rm__has_stuck_thermistor,feature,rm__has_stuck_thermistor
rm_ADCS_MODE,feature,rm_ADCS_MODE
rm_ACCEL_X,feature,rm_ACCEL_X
rm_ACCEL_Y,feature,rm_ACCEL_Y
rm_ACCEL_Z,feature,rm_ACCEL_Z
rm_GYRO_X,feature,rm_GYRO_X
rm_GYRO_Y,feature,rm_GYRO_Y
rm_GYRO_Z,feature,rm_GYRO_Z
rm_MAG_X,feature,rm_MAG_X
rm_MAG_Y,feature,rm_MAG_Y
rm_MAG_Z,feature,rm_MAG_Z
rm_SUN_SENSOR_1a,feature,rm_SUN_SENSOR_1a
rm_SUN_SENSOR_1b,feature,rm_SUN_SENSOR_1b
rm_SUN_SENSOR_2a,feature,rm_SUN_SENSOR_2a
rm_SUN_SENSOR_2b,feature,rm_SUN_SENSOR_2b
rm_SUN_SENSOR_3a,feature,rm_SUN_SENSOR_3a
rm_SUN_SENSOR_3b,feature,rm_SUN_SENSOR_3b
rm_SUN_SENSOR_4a,feature,rm_SUN_SENSOR_4a
rm_SUN_SENSOR_4b,feature,rm_SUN_SENSOR_4b
rm_SUN_ANGLE,feature,rm_SUN_ANGLE
rm_WHEEL_SPEED,feature,rm_WHEEL_SPEED
rm_MAGNETORQUER_X,feature,rm_MAGNETORQUER_X
rm_MAGNETORQUER_Y,feature,rm_MAGNETORQUER_Y
rm_MAGNETORQUER_Z,feature,rm_MAGNETORQUER_Z
rm_KP_VALUE,feature,rm_KP_VALUE
rm_KD_VALUE,feature,rm_KD_VALUE
rm_ADCS_VERSION,feature,rm_ADCS_VERSION
rm_ADCS_ACC_CNT,feature,rm_ADCS_ACC_CNT
rm_ADCS_REJ_CNT,feature,rm_ADCS_REJ_CNT
rm_ADCS_INC_CNT,feature,rm_ADCS_INC_CNT
rm_MAG_DEPLOYMENT_STATUS,feature,rm_MAG_DEPLOYMENT_STATUS
rs_FSW_DB_VER,feature,rs_FSW_DB_VER
rs_DAY,feature,rs_DAY
rs_HOUR,feature,rs_HOUR
rs_MINUTE,feature,rs_MINUTE
rs_SECOND,feature,rs_SECOND
rs_SC_ID,feature,rs_SC_ID
rs_CMD_RCV_CNT,feature,rs_CMD_RCV_CNT
rs_CMD_ACC_CNT,feature,rs_CMD_ACC_CNT
rs_CMD_REJ_CNT,feature,rs_CMD_REJ_CNT
rs_CMD_INC_CNT,feature,rs_CMD_INC_CNT
rs_PAYLOAD_STATUS,feature,rs_PAYLOAD_STATUS
rs_PLATFORM_PWR_STATUS,feature,rs_PLATFORM_PWR_STATUS
rs_ADCS_PWR_STATUS,feature,rs_ADCS_PWR_STATUS
rs_PAYLOAD_PWR_STATUS,feature,rs_PAYLOAD_PWR_STATUS
rs_SPR_PWR_STATUS,feature,rs_SPR_PWR_STATUS
rs_SOLAR_V,feature,rs_SOLAR_V
rs_SOLAR_S,feature,rs_SOLAR_S
rs_EXT_V,feature,rs_EXT_V
rs_EXT_S,feature,rs_EXT_S
rs_BATT_CHR_V,feature,rs_BATT_CHR_V
rs_BATT_CHR_I,feature,rs_BATT_CHR_I
rs_BATT_CHR_STATUS,feature,rs_BATT_CHR_STATUS
rs_SYS_V,feature,rs_SYS_V
rs_SYS_I,feature,rs_SYS_I
rs_SPR_V,feature,rs_SPR_V
rs_SPR_I,feature,rs_SPR_I
rs_PLAT_5V_V,feature,rs_PLAT_5V_V
rs_PLAT_5V_I,feature,rs_PLAT_5V_I
rs_ADCS_5V_V,feature,rs_ADCS_5V_V
rs_ADCS_5V_I,feature,rs_ADCS_5V_I
rs_PAYLOAD_5V_V,feature,rs_PAYLOAD_5V_V
rs_PAYLOAD_5V_I,feature,rs_PAYLOAD_5V_I
rs_OBC_PWR_V,feature,rs_OBC_PWR_V
rs_OBC_PWR_I,feature,rs_OBC_PWR_I
rs_ADCS_PROC_PWR_V,feature,rs_ADCS_PROC_PWR_V
rs_ADCS_PROC_PWR_I,feature,rs_ADCS_PROC_PWR_I
rs_ADCS_PER_PWR_V,feature,rs_ADCS_PER_PWR_V
rs_ADCS_PER_PWR_I,feature,rs_ADCS_PER_PWR_I
rs_COMMS_PWR_V,feature,rs_COMMS_PWR_V
rs_COMMS_PWR_I,feature,rs_COMMS_PWR_I
rs_TEMP_SOLAR,feature,rs_TEMP_SOLAR
rs_TEMP_EPS,feature,rs_TEMP_EPS
rs_TEMP_BATTERY,feature,rs_TEMP_BATTERY
rs_TEMP_BACKPLANE,feature,rs_TEMP_BACKPLANE
rs_TEMP_OBDH,feature,rs_TEMP_OBDH
rs_TEMP_ADCS,feature,rs_TEMP_ADCS
rs_TEMP_WHEEL,feature,rs_TEMP_WHEEL
rs_TEMP_COMMS,feature,rs_TEMP_COMMS
rs_TEMP_PAYLOAD,feature,rs_TEMP_PAYLOAD
rs_TEMP_EPS_L,feature,rs_TEMP_EPS_L
rs_TEMP_OBDH_L,feature,rs_TEMP_OBDH_L
rs_TEMP_ADCS_L,feature,rs_TEMP_ADCS_L
rs_TEMP_WHEEL_L,feature,rs_TEMP_WHEEL_L
rs_TEMP_COMMS_L,feature,rs_TEMP_COMMS_L
rs_TEMP_PAYLOAD_L,feature,rs_TEMP_PAYLOAD_L
rs_FREQ,feature,rs_FREQ
rs_RSSI,feature,rs_RSSI
rs_TX_POWER,feature,rs_TX_POWER
rs_FRAME_ERR,feature,rs_FRAME_ERR
rs_TEMP_THERM_EXP_L,feature,rs_TEMP_THERM_EXP_L
rs_THERMISTOR_ROD_1,feature,rs_THERMISTOR_ROD_1
rs_THERMISTOR_ROD_2,feature,rs_THERMISTOR_ROD_2
rs_THERMISTOR_ROD_3,feature,rs_THERMISTOR_ROD_3
rs_THERMISTOR_ROD_4,feature,rs_THERMISTOR_ROD_4
rs_THERMISTOR_ROD_5,feature,rs_THERMISTOR_ROD_5
rs_THERMISTOR_ROD_6,feature,rs_THERMISTOR_ROD_6
rs_THERMISTOR_ROD_7,feature,rs_THERMISTOR_ROD_7
rs_THERMISTOR_ROD_8,feature,rs_THERMISTOR_ROD_8
rs_THERMISTOR_ROD_9,feature,rs_THERMISTOR_ROD_9
rs_THERMISTOR_ROD_10,feature,rs_THERMISTOR_ROD_10
rs_THERMISTOR_ROD_11,feature,rs_THERMISTOR_ROD_11
rs_THERMISTOR_ROD_12,feature,rs_THERMISTOR_ROD_12
rs_THERMISTOR_ROD_13,feature,rs_THERMISTOR_ROD_13
rs_THERMISTOR_ROD_14,feature,rs_THERMISTOR_ROD_14
rs_THERMISTOR_ROD_15,feature,rs_THERMISTOR_ROD_15
rs_THERMISTOR_ROD_16,feature,rs_THERMISTOR_ROD_16
rs_THERMISTOR_BATH_1,feature,rs_THERMISTOR_BATH_1
rs_THERMISTOR_BATH_2,feature,rs_THERMISTOR_BATH_2
rs_THERMISTOR_BATH_3,feature,rs_THERMISTOR_BATH_3
rs_THERMISTOR_EXP3,feature,rs_THERMISTOR_EXP3
rs_THERMISTOR_HEATER,feature,rs_THERMISTOR_HEATER
rs_THERMAL_EXP_SW_VERSION,feature,rs_THERMAL_EXP_SW_VERSION
rs_OBC_SW_VERSION,feature,rs_OBC_SW_VERSION
rs_PWR_SW_VERSION,feature,rs_PWR_SW_VERSION
rs_COMMS_SW_VERSION,feature,rs_COMMS_SW_VERSION
rs_ADCS_SW_VERSION,feature,rs_ADCS_SW_VERSION
rs_ACTUATOR_SW_VERSION,feature,rs_ACTUATOR_SW_VERSION
rs_PWR_SYS,feature,rs_PWR_SYS
rs_PWR_PLAT_5V,feature,rs_PWR_PLAT_5V
rs_PWR_OBC_PWR,feature,rs_PWR_OBC_PWR
rs_PWR_COMMS_PWR,feature,rs_PWR_COMMS_PWR
rs__has_stuck_thermistor,feature,rs__has_stuck_thermistor
rs_ADCS_MODE,feature,rs_ADCS_MODE
rs_ACCEL_X,feature,rs_ACCEL_X
rs_ACCEL_Y,feature,rs_ACCEL_Y
rs_ACCEL_Z,feature,rs_ACCEL_Z
rs_GYRO_X,feature,rs_GYRO_X
rs_GYRO_Y,feature,rs_GYRO_Y
rs_GYRO_Z,feature,rs_GYRO_Z
rs_MAG_X,feature,rs_MAG_X
rs_MAG_Y,feature,rs_MAG_Y
rs_MAG_Z,feature,rs_MAG_Z
rs_SUN_SENSOR_1a,feature,rs_SUN_SENSOR_1a
rs_SUN_SENSOR_1b,feature,rs_SUN_SENSOR_1b
rs_SUN_SENSOR_2a,feature,rs_SUN_SENSOR_2a
rs_SUN_SENSOR_2b,feature,rs_SUN_SENSOR_2b
rs_SUN_SENSOR_3a,feature,rs_SUN_SENSOR_3a
rs_SUN_SENSOR_3b,feature,rs_SUN_SENSOR_3b
rs_SUN_SENSOR_4a,feature,rs_SUN_SENSOR_4a
rs_SUN_SENSOR_4b,feature,rs_SUN_SENSOR_4b
rs_SUN_ANGLE,feature,rs_SUN_ANGLE
rs_WHEEL_SPEED,feature,rs_WHEEL_SPEED
rs_MAGNETORQUER_X,feature,rs_MAGNETORQUER_X
rs_MAGNETORQUER_Y,feature,rs_MAGNETORQUER_Y
rs_MAGNETORQUER_Z,feature,rs_MAGNETORQUER_Z
rs_KP_VALUE,feature,rs_KP_VALUE
rs_KD_VALUE,feature,rs_KD_VALUE
rs_ADCS_VERSION,feature,rs_ADCS_VERSION
rs_ADCS_ACC_CNT,feature,rs_ADCS_ACC_CNT
rs_ADCS_REJ_CNT,feature,rs_ADCS_REJ_CNT
rs_ADCS_INC_CNT,feature,rs_ADCS_INC_CNT
rs_MAG_DEPLOYMENT_STATUS,feature,rs_MAG_DEPLOYMENT_STATUS
sk_FSW_DB_VER,feature,sk_FSW_DB_VER
sk_DAY,feature,sk_DAY
sk_HOUR,feature,sk_HOUR
sk_MINUTE,feature,sk_MINUTE
sk_SECOND,feature,sk_SECOND
sk_SC_ID,feature,sk_SC_ID
sk_CMD_RCV_CNT,feature,sk_CMD_RCV_CNT
sk_CMD_ACC_CNT,feature,sk_CMD_ACC_CNT
sk_CMD_REJ_CNT,feature,sk_CMD_REJ_CNT
sk_CMD_INC_CNT,feature,sk_CMD_INC_CNT
sk_PAYLOAD_STATUS,feature,sk_PAYLOAD_STATUS
sk_PLATFORM_PWR_STATUS,feature,sk_PLATFORM_PWR_STATUS
sk_ADCS_PWR_STATUS,feature,sk_ADCS_PWR_STATUS
sk_PAYLOAD_PWR_STATUS,feature,sk_PAYLOAD_PWR_STATUS
sk_SPR_PWR_STATUS,feature,sk_SPR_PWR_STATUS
sk_SOLAR_V,feature,sk_SOLAR_V
sk_SOLAR_S,feature,sk_SOLAR_S
sk_EXT_V,feature,sk_EXT_V
sk_EXT_S,feature,sk_EXT_S
sk_BATT_CHR_V,feature,sk_BATT_CHR_V
sk_BATT_CHR_I,feature,sk_BATT_CHR_I
sk_BATT_CHR_STATUS,feature,sk_BATT_CHR_STATUS
sk_SYS_V,feature,sk_SYS_V
sk_SYS_I,feature,sk_SYS_I
sk_SPR_V,feature,sk_SPR_V
sk_SPR_I,feature,sk_SPR_I
sk_PLAT_5V_V,feature,sk_PLAT_5V_V
sk_PLAT_5V_I,feature,sk_PLAT_5V_I
sk_ADCS_5V_V,feature,sk_ADCS_5V_V
sk_ADCS_5V_I,feature,sk_ADCS_5V_I
sk_PAYLOAD_5V_V,feature,sk_PAYLOAD_5V_V
sk_PAYLOAD_5V_I,feature,sk_PAYLOAD_5V_I
sk_OBC_PWR_V,feature,sk_OBC_PWR_V
sk_OBC_PWR_I,feature,sk_OBC_PWR_I
sk_ADCS_PROC_PWR_V,feature,sk_ADCS_PROC_PWR_V
sk_ADCS_PROC_PWR_I,feature,sk_ADCS_PROC_PWR_I
sk_ADCS_PER_PWR_V,feature,sk_ADCS_PER_PWR_V
sk_ADCS_PER_PWR_I,feature,sk_ADCS_PER_PWR_I
sk_COMMS_PWR_V,feature,sk_COMMS_PWR_V
sk_COMMS_PWR_I,feature,sk_COMMS_PWR_I
sk_TEMP_SOLAR,feature,sk_TEMP_SOLAR
sk_TEMP_EPS,feature,sk_TEMP_EPS
sk_TEMP_BATTERY,feature,sk_TEMP_BATTERY
sk_TEMP_BACKPLANE,feature,sk_TEMP_BACKPLANE
sk_TEMP_OBDH,feature,sk_TEMP_OBDH
sk_TEMP_ADCS,feature,sk_TEMP_ADCS
sk_TEMP_WHEEL,feature,sk_TEMP_WHEEL
sk_TEMP_COMMS,feature,sk_TEMP_COMMS
sk_TEMP_PAYLOAD,feature,sk_TEMP_PAYLOAD
sk_TEMP_EPS_L,feature,sk_TEMP_EPS_L
sk_TEMP_OBDH_L,feature,sk_TEMP_OBDH_L
sk_TEMP_ADCS_L,feature,sk_TEMP_ADCS_L
sk_TEMP_WHEEL_L,feature,sk_TEMP_WHEEL_L
sk_TEMP_COMMS_L,feature,sk_TEMP_COMMS_L
sk_TEMP_PAYLOAD_L,feature,sk_TEMP_PAYLOAD_L
sk_FREQ,feature,sk_FREQ
sk_RSSI,feature,sk_RSSI
sk_TX_POWER,feature,sk_TX_POWER
sk_FRAME_ERR,feature,sk_FRAME_ERR
sk_TEMP_THERM_EXP_L,feature,sk_TEMP_THERM_EXP_L
sk_THERMISTOR_ROD_1,feature,sk_THERMISTOR_ROD_1
sk_THERMISTOR_ROD_2,feature,sk_THERMISTOR_ROD_2
sk_THERMISTOR_ROD_3,feature,sk_THERMISTOR_ROD_3
sk_THERMISTOR_ROD_4,feature,sk_THERMISTOR_ROD_4
sk_THERMISTOR_ROD_5,feature,sk_THERMISTOR_ROD_5
sk_THERMISTOR_ROD_6,feature,sk_THERMISTOR_ROD_6
sk_THERMISTOR_ROD_7,feature,sk_THERMISTOR_ROD_7
sk_THERMISTOR_ROD_8,feature,sk_THERMISTOR_ROD_8
sk_THERMISTOR_ROD_9,feature,sk_THERMISTOR_ROD_9
sk_THERMISTOR_ROD_10,feature,sk_THERMISTOR_ROD_10
sk_THERMISTOR_ROD_11,feature,sk_THERMISTOR_ROD_11
sk_THERMISTOR_ROD_12,feature,sk_THERMISTOR_ROD_12
sk_THERMISTOR_ROD_13,feature,sk_THERMISTOR_ROD_13
sk_THERMISTOR_ROD_14,feature,sk_THERMISTOR_ROD_14
sk_THERMISTOR_ROD_15,feature,sk_THERMISTOR_ROD_15
sk_THERMISTOR_ROD_16,feature,sk_THERMISTOR_ROD_16
sk_THERMISTOR_BATH_1,feature,sk_THERMISTOR_BATH_1
sk_THERMISTOR_BATH_2,feature,sk_THERMISTOR_BATH_2
sk_THERMISTOR_BATH_3,feature,sk_THERMISTOR_BATH_3
sk_THERMISTOR_EXP3,feature,sk_THERMISTOR_EXP3
sk_THERMISTOR_HEATER,feature,sk_THERMISTOR_HEATER
sk_THERMAL_EXP_SW_VERSION,feature,sk_THERMAL_EXP_SW_VERSION
sk_OBC_SW_VERSION,feature,sk_OBC_SW_VERSION
sk_PWR_SW_VERSION,feature,sk_PWR_SW_VERSION
sk_COMMS_SW_VERSION,feature,sk_COMMS_SW_VERSION
sk_ADCS_SW_VERSION,feature,sk_ADCS_SW_VERSION
sk_ACTUATOR_SW_VERSION,feature,sk_ACTUATOR_SW_VERSION
sk_PWR_SYS,feature,sk_PWR_SYS
sk_PWR_PLAT_5V,feature,sk_PWR_PLAT_5V
sk_PWR_OBC_PWR,feature,sk_PWR_OBC_PWR
sk_PWR_COMMS_PWR,feature,sk_PWR_COMMS_PWR
sk__has_stuck_thermistor,feature,sk__has_stuck_thermistor
sk_ADCS_MODE,feature,sk_ADCS_MODE
sk_ACCEL_X,feature,sk_ACCEL_X
sk_ACCEL_Y,feature,sk_ACCEL_Y
sk_ACCEL_Z,feature,sk_ACCEL_Z
sk_GYRO_X,feature,sk_GYRO_X
sk_GYRO_Y,feature,sk_GYRO_Y
sk_GYRO_Z,feature,sk_GYRO_Z
sk_MAG_X,feature,sk_MAG_X
sk_MAG_Y,feature,sk_MAG_Y
sk_MAG_Z,feature,sk_MAG_Z
sk_SUN_SENSOR_1a,feature,sk_SUN_SENSOR_1a
sk_SUN_SENSOR_1b,feature,sk_SUN_SENSOR_1b
sk_SUN_SENSOR_2a,feature,sk_SUN_SENSOR_2a
sk_SUN_SENSOR_2b,feature,sk_SUN_SENSOR_2b
sk_SUN_SENSOR_3a,feature,sk_SUN_SENSOR_3a
sk_SUN_SENSOR_3b,feature,sk_SUN_SENSOR_3b
sk_SUN_SENSOR_4a,feature,sk_SUN_SENSOR_4a
sk_SUN_SENSOR_4b,feature,sk_SUN_SENSOR_4b
sk_SUN_ANGLE,feature,sk_SUN_ANGLE
sk_WHEEL_SPEED,feature,sk_WHEEL_SPEED
sk_MAGNETORQUER_X,feature,sk_MAGNETORQUER_X
sk_MAGNETORQUER_Y,feature,sk_MAGNETORQUER_Y
sk_MAGNETORQUER_Z,feature,sk_MAGNETORQUER_Z
sk_KP_VALUE,feature,sk_KP_VALUE
sk_KD_VALUE,feature,sk_KD_VALUE
sk_ADCS_VERSION,feature,sk_ADCS_VERSION
sk_ADCS_ACC_CNT,feature,sk_ADCS_ACC_CNT
sk_ADCS_REJ_CNT,feature,sk_ADCS_REJ_CNT
sk_ADCS_INC_CNT,feature,sk_ADCS_INC_CNT
sk_MAG_DEPLOYMENT_STATUS,feature,sk_MAG_DEPLOYMENT_STATUS
ku_FSW_DB_VER,feature,ku_FSW_DB_VER
ku_DAY,feature,ku_DAY
ku_HOUR,feature,ku_HOUR
ku_MINUTE,feature,ku_MINUTE
ku_SECOND,feature,ku_SECOND
ku_SC_ID,feature,ku_SC_ID
ku_CMD_RCV_CNT,feature,ku_CMD_RCV_CNT
ku_CMD_ACC_CNT,feature,ku_CMD_ACC_CNT
ku_CMD_REJ_CNT,feature,ku_CMD_REJ_CNT
ku_CMD_INC_CNT,feature,ku_CMD_INC_CNT
ku_PAYLOAD_STATUS,feature,ku_PAYLOAD_STATUS
ku_PLATFORM_PWR_STATUS,feature,ku_PLATFORM_PWR_STATUS
ku_ADCS_PWR_STATUS,feature,ku_ADCS_PWR_STATUS
ku_PAYLOAD_PWR_STATUS,feature,ku_PAYLOAD_PWR_STATUS
ku_SPR_PWR_STATUS,feature,ku_SPR_PWR_STATUS
ku_SOLAR_V,feature,ku_SOLAR_V
ku_SOLAR_S,feature,ku_SOLAR_S
ku_EXT_V,feature,ku_EXT_V
ku_EXT_S,feature,ku_EXT_S
ku_BATT_CHR_V,feature,ku_BATT_CHR_V
ku_BATT_CHR_I,feature,ku_BATT_CHR_I
ku_BATT_CHR_STATUS,feature,ku_BATT_CHR_STATUS
ku_SYS_V,feature,ku_SYS_V
ku_SYS_I,feature,ku_SYS_I
ku_SPR_V,feature,ku_SPR_V
ku_SPR_I,feature,ku_SPR_I
ku_PLAT_5V_V,feature,ku_PLAT_5V_V
ku_PLAT_5V_I,feature,ku_PLAT_5V_I
ku_ADCS_5V_V,feature,ku_ADCS_5V_V
ku_ADCS_5V_I,feature,ku_ADCS_5V_I
ku_PAYLOAD_5V_V,feature,ku_PAYLOAD_5V_V
ku_PAYLOAD_5V_I,feature,ku_PAYLOAD_5V_I
ku_OBC_PWR_V,feature,ku_OBC_PWR_V
ku_OBC_PWR_I,feature,ku_OBC_PWR_I
ku_ADCS_PROC_PWR_V,feature,ku_ADCS_PROC_PWR_V
ku_ADCS_PROC_PWR_I,feature,ku_ADCS_PROC_PWR_I
ku_ADCS_PER_PWR_V,feature,ku_ADCS_PER_PWR_V
ku_ADCS_PER_PWR_I,feature,ku_ADCS_PER_PWR_I
ku_COMMS_PWR_V,feature,ku_COMMS_PWR_V
ku_COMMS_PWR_I,feature,ku_COMMS_PWR_I
ku_TEMP_SOLAR,feature,ku_TEMP_SOLAR
ku_TEMP_EPS,feature,ku_TEMP_EPS
ku_TEMP_BATTERY,feature,ku_TEMP_BATTERY
ku_TEMP_BACKPLANE,feature,ku_TEMP_BACKPLANE
ku_TEMP_OBDH,feature,ku_TEMP_OBDH
ku_TEMP_ADCS,feature,ku_TEMP_ADCS
ku_TEMP_WHEEL,feature,ku_TEMP_WHEEL
ku_TEMP_COMMS,feature,ku_TEMP_COMMS
ku_TEMP_PAYLOAD,feature,ku_TEMP_PAYLOAD
ku_TEMP_EPS_L,feature,ku_TEMP_EPS_L
ku_TEMP_OBDH_L,feature,ku_TEMP_OBDH_L
ku_TEMP_ADCS_L,feature,ku_TEMP_ADCS_L
ku_TEMP_WHEEL_L,feature,ku_TEMP_WHEEL_L
ku_TEMP_COMMS_L,feature,ku_TEMP_COMMS_L
ku_TEMP_PAYLOAD_L,feature,ku_TEMP_PAYLOAD_L
ku_FREQ,feature,ku_FREQ
ku_RSSI,feature,ku_RSSI
ku_TX_POWER,feature,ku_TX_POWER
ku_FRAME_ERR,feature,ku_FRAME_ERR
ku_TEMP_THERM_EXP_L,feature,ku_TEMP_THERM_EXP_L
ku_THERMISTOR_ROD_1,feature,ku_THERMISTOR_ROD_1
ku_THERMISTOR_ROD_2,feature,ku_THERMISTOR_ROD_2
ku_THERMISTOR_ROD_3,feature,ku_THERMISTOR_ROD_3
ku_THERMISTOR_ROD_4,feature,ku_THERMISTOR_ROD_4
ku_THERMISTOR_ROD_5,feature,ku_THERMISTOR_ROD_5
ku_THERMISTOR_ROD_6,feature,ku_THERMISTOR_ROD_6
ku_THERMISTOR_ROD_7,feature,ku_THERMISTOR_ROD_7
ku_THERMISTOR_ROD_8,feature,ku_THERMISTOR_ROD_8
ku_THERMISTOR_ROD_9,feature,ku_THERMISTOR_ROD_9
ku_THERMISTOR_ROD_10,feature,ku_THERMISTOR_ROD_10
ku_THERMISTOR_ROD_11,feature,ku_THERMISTOR_ROD_11
ku_THERMISTOR_ROD_12,feature,ku_THERMISTOR_ROD_12
ku_THERMISTOR_ROD_13,feature,ku_THERMISTOR_ROD_13
ku_THERMISTOR_ROD_14,feature,ku_THERMISTOR_ROD_14
ku_THERMISTOR_ROD_15,feature,ku_THERMISTOR_ROD_15
ku_THERMISTOR_ROD_16,feature,ku_THERMISTOR_ROD_16
ku_THERMISTOR_BATH_1,feature,ku_THERMISTOR_BATH_1
ku_THERMISTOR_BATH_2,feature,ku_THERMISTOR_BATH_2
ku_THERMISTOR_BATH_3,feature,ku_THERMISTOR_BATH_3
ku_THERMISTOR_EXP3,feature,ku_THERMISTOR_EXP3
ku_THERMISTOR_HEATER,feature,ku_THERMISTOR_HEATER
ku_THERMAL_EXP_SW_VERSION,feature,ku_THERMAL_EXP_SW_VERSION
ku_OBC_SW_VERSION,feature,ku_OBC_SW_VERSION
ku_PWR_SW_VERSION,feature,ku_PWR_SW_VERSION
ku_COMMS_SW_VERSION,feature,ku_COMMS_SW_VERSION
ku_ADCS_SW_VERSION,feature,ku_ADCS_SW_VERSION
ku_ACTUATOR_SW_VERSION,feature,ku_ACTUATOR_SW_VERSION
ku_PWR_SYS,feature,ku_PWR_SYS
ku_PWR_PLAT_5V,feature,ku_PWR_PLAT_5V
ku_PWR_OBC_PWR,feature,ku_PWR_OBC_PWR
ku_PWR_COMMS_PWR,feature,ku_PWR_COMMS_PWR
ku__has_stuck_thermistor,feature,ku__has_stuck_thermistor
ku_ADCS_MODE,feature,ku_ADCS_MODE
ku_ACCEL_X,feature,ku_ACCEL_X
ku_ACCEL_Y,feature,ku_ACCEL_Y
ku_ACCEL_Z,feature,ku_ACCEL_Z
ku_GYRO_X,feature,ku_GYRO_X
ku_GYRO_Y,feature,ku_GYRO_Y
ku_GYRO_Z,feature,ku_GYRO_Z
ku_MAG_X,feature,ku_MAG_X
ku_MAG_Y,feature,ku_MAG_Y
ku_MAG_Z,feature,ku_MAG_Z
ku_SUN_SENSOR_1a,feature,ku_SUN_SENSOR_1a
ku_SUN_SENSOR_1b,feature,ku_SUN_SENSOR_1b
ku_SUN_SENSOR_2a,feature,ku_SUN_SENSOR_2a
ku_SUN_SENSOR_2b,feature,ku_SUN_SENSOR_2b
ku_SUN_SENSOR_3a,feature,ku_SUN_SENSOR_3a
ku_SUN_SENSOR_3b,feature,ku_SUN_SENSOR_3b
ku_SUN_SENSOR_4a,feature,ku_SUN_SENSOR_4a
ku_SUN_SENSOR_4b,feature,ku_SUN_SENSOR_4b
ku_SUN_ANGLE,feature,ku_SUN_ANGLE
ku_WHEEL_SPEED,feature,ku_WHEEL_SPEED
ku_MAGNETORQUER_X,feature,ku_MAGNETORQUER_X
ku_MAGNETORQUER_Y,feature,ku_MAGNETORQUER_Y
ku_MAGNETORQUER_Z,feature,ku_MAGNETORQUER_Z
ku_KP_VALUE,feature,ku_KP_VALUE
ku_KD_VALUE,feature,ku_KD_VALUE
ku_ADCS_VERSION,feature,ku_ADCS_VERSION
ku_ADCS_ACC_CNT,feature,ku_ADCS_ACC_CNT
ku_ADCS_REJ_CNT,feature,ku_ADCS_REJ_CNT
ku_ADCS_INC_CNT,feature,ku_ADCS_INC_CNT
ku_MAG_DEPLOYMENT_STATUS,feature,ku_MAG_DEPLOYMENT_STATUS
zcr_FSW_DB_VER,feature,zcr_FSW_DB_VER
zcr_DAY,feature,zcr_DAY
zcr_HOUR,feature,zcr_HOUR
zcr_MINUTE,feature,zcr_MINUTE
zcr_SECOND,feature,zcr_SECOND
zcr_SC_ID,feature,zcr_SC_ID
zcr_CMD_RCV_CNT,feature,zcr_CMD_RCV_CNT
zcr_CMD_ACC_CNT,feature,zcr_CMD_ACC_CNT
zcr_CMD_REJ_CNT,feature,zcr_CMD_REJ_CNT
zcr_CMD_INC_CNT,feature,zcr_CMD_INC_CNT
zcr_PAYLOAD_STATUS,feature,zcr_PAYLOAD_STATUS
zcr_PLATFORM_PWR_STATUS,feature,zcr_PLATFORM_PWR_STATUS
zcr_ADCS_PWR_STATUS,feature,zcr_ADCS_PWR_STATUS
zcr_PAYLOAD_PWR_STATUS,feature,zcr_PAYLOAD_PWR_STATUS
zcr_SPR_PWR_STATUS,feature,zcr_SPR_PWR_STATUS
zcr_SOLAR_V,feature,zcr_SOLAR_V
zcr_SOLAR_S,feature,zcr_SOLAR_S
zcr_EXT_V,feature,zcr_EXT_V
zcr_EXT_S,feature,zcr_EXT_S
zcr_BATT_CHR_V,feature,zcr_BATT_CHR_V
zcr_BATT_CHR_I,feature,zcr_BATT_CHR_I
zcr_BATT_CHR_STATUS,feature,zcr_BATT_CHR_STATUS
zcr_SYS_V,feature,zcr_SYS_V
zcr_SYS_I,feature,zcr_SYS_I
zcr_SPR_V,feature,zcr_SPR_V
zcr_SPR_I,feature,zcr_SPR_I
zcr_PLAT_5V_V,feature,zcr_PLAT_5V_V
zcr_PLAT_5V_I,feature,zcr_PLAT_5V_I
zcr_ADCS_5V_V,feature,zcr_ADCS_5V_V
zcr_ADCS_5V_I,feature,zcr_ADCS_5V_I
zcr_PAYLOAD_5V_V,feature,zcr_PAYLOAD_5V_V
zcr_PAYLOAD_5V_I,feature,zcr_PAYLOAD_5V_I
zcr_OBC_PWR_V,feature,zcr_OBC_PWR_V
zcr_OBC_PWR_I,feature,zcr_OBC_PWR_I
zcr_ADCS_PROC_PWR_V,feature,zcr_ADCS_PROC_PWR_V
zcr_ADCS_PROC_PWR_I,feature,zcr_ADCS_PROC_PWR_I
zcr_ADCS_PER_PWR_V,feature,zcr_ADCS_PER_PWR_V
zcr_ADCS_PER_PWR_I,feature,zcr_ADCS_PER_PWR_I
zcr_COMMS_PWR_V,feature,zcr_COMMS_PWR_V
zcr_COMMS_PWR_I,feature,zcr_COMMS_PWR_I
zcr_TEMP_SOLAR,feature,zcr_TEMP_SOLAR
zcr_TEMP_EPS,feature,zcr_TEMP_EPS
zcr_TEMP_BATTERY,feature,zcr_TEMP_BATTERY
zcr_TEMP_BACKPLANE,feature,zcr_TEMP_BACKPLANE
zcr_TEMP_OBDH,feature,zcr_TEMP_OBDH
zcr_TEMP_ADCS,feature,zcr_TEMP_ADCS
zcr_TEMP_WHEEL,feature,zcr_TEMP_WHEEL
zcr_TEMP_COMMS,feature,zcr_TEMP_COMMS
zcr_TEMP_PAYLOAD,feature,zcr_TEMP_PAYLOAD
zcr_TEMP_EPS_L,feature,zcr_TEMP_EPS_L
zcr_TEMP_OBDH_L,feature,zcr_TEMP_OBDH_L
zcr_TEMP_ADCS_L,feature,zcr_TEMP_ADCS_L
zcr_TEMP_WHEEL_L,feature,zcr_TEMP_WHEEL_L
zcr_TEMP_COMMS_L,feature,zcr_TEMP_COMMS_L
zcr_TEMP_PAYLOAD_L,feature,zcr_TEMP_PAYLOAD_L
zcr_FREQ,feature,zcr_FREQ
zcr_RSSI,feature,zcr_RSSI
zcr_TX_POWER,feature,zcr_TX_POWER
zcr_FRAME_ERR,feature,zcr_FRAME_ERR
zcr_TEMP_THERM_EXP_L,feature,zcr_TEMP_THERM_EXP_L
zcr_THERMISTOR_ROD_1,feature,zcr_THERMISTOR_ROD_1
zcr_THERMISTOR_ROD_2,feature,zcr_THERMISTOR_ROD_2
zcr_THERMISTOR_ROD_3,feature,zcr_THERMISTOR_ROD_3
zcr_THERMISTOR_ROD_4,feature,zcr_THERMISTOR_ROD_4
zcr_THERMISTOR_ROD_5,feature,zcr_THERMISTOR_ROD_5
zcr_THERMISTOR_ROD_6,feature,zcr_THERMISTOR_ROD_6
zcr_THERMISTOR_ROD_7,feature,zcr_THERMISTOR_ROD_7
zcr_THERMISTOR_ROD_8,feature,zcr_THERMISTOR_ROD_8
zcr_THERMISTOR_ROD_9,feature,zcr_THERMISTOR_ROD_9
zcr_THERMISTOR_ROD_10,feature,zcr_THERMISTOR_ROD_10
zcr_THERMISTOR_ROD_11,feature,zcr_THERMISTOR_ROD_11
zcr_THERMISTOR_ROD_12,feature,zcr_THERMISTOR_ROD_12
zcr_THERMISTOR_ROD_13,feature,zcr_THERMISTOR_ROD_13
zcr_THERMISTOR_ROD_14,feature,zcr_THERMISTOR_ROD_14
zcr_THERMISTOR_ROD_15,feature,zcr_THERMISTOR_ROD_15
zcr_THERMISTOR_ROD_16,feature,zcr_THERMISTOR_ROD_16
zcr_THERMISTOR_BATH_1,feature,zcr_THERMISTOR_BATH_1
zcr_THERMISTOR_BATH_2,feature,zcr_THERMISTOR_BATH_2
zcr_THERMISTOR_BATH_3,feature,zcr_THERMISTOR_BATH_3
zcr_THERMISTOR_EXP3,feature,zcr_THERMISTOR_EXP3
zcr_THERMISTOR_HEATER,feature,zcr_THERMISTOR_HEATER
zcr_THERMAL_EXP_SW_VERSION,feature,zcr_THERMAL_EXP_SW_VERSION
zcr_OBC_SW_VERSION,feature,zcr_OBC_SW_VERSION
zcr_PWR_SW_VERSION,feature,zcr_PWR_SW_VERSION
zcr_COMMS_SW_VERSION,feature,zcr_COMMS_SW_VERSION
zcr_ADCS_SW_VERSION,feature,zcr_ADCS_SW_VERSION
zcr_ACTUATOR_SW_VERSION,feature,zcr_ACTUATOR_SW_VERSION
zcr_PWR_SYS,feature,zcr_PWR_SYS
zcr_PWR_PLAT_5V,feature,zcr_PWR_PLAT_5V
zcr_PWR_OBC_PWR,feature,zcr_PWR_OBC_PWR
zcr_PWR_COMMS_PWR,feature,zcr_PWR_COMMS_PWR
zcr__has_stuck_thermistor,feature,zcr__has_stuck_thermistor
zcr_ADCS_MODE,feature,zcr_ADCS_MODE
zcr_ACCEL_X,feature,zcr_ACCEL_X
zcr_ACCEL_Y,feature,zcr_ACCEL_Y
zcr_ACCEL_Z,feature,zcr_ACCEL_Z
zcr_GYRO_X,feature,zcr_GYRO_X
zcr_GYRO_Y,feature,zcr_GYRO_Y
zcr_GYRO_Z,feature,zcr_GYRO_Z
zcr_MAG_X,feature,zcr_MAG_X
zcr_MAG_Y,feature,zcr_MAG_Y
zcr_MAG_Z,feature,zcr_MAG_Z
zcr_SUN_SENSOR_1a,feature,zcr_SUN_SENSOR_1a
zcr_SUN_SENSOR_1b,feature,zcr_SUN_SENSOR_1b
zcr_SUN_SENSOR_2a,feature,zcr_SUN_SENSOR_2a
zcr_SUN_SENSOR_2b,feature,zcr_SUN_SENSOR_2b
zcr_SUN_SENSOR_3a,feature,zcr_SUN_SENSOR_3a
zcr_SUN_SENSOR_3b,feature,zcr_SUN_SENSOR_3b
zcr_SUN_SENSOR_4a,feature,zcr_SUN_SENSOR_4a
zcr_SUN_SENSOR_4b,feature,zcr_SUN_SENSOR_4b
zcr_SUN_ANGLE,feature,zcr_SUN_ANGLE
zcr_WHEEL_SPEED,feature,zcr_WHEEL_SPEED
zcr_MAGNETORQUER_X,feature,zcr_MAGNETORQUER_X
zcr_MAGNETORQUER_Y,feature,zcr_MAGNETORQUER_Y
zcr_MAGNETORQUER_Z,feature,zcr_MAGNETORQUER_Z
zcr_KP_VALUE,feature,zcr_KP_VALUE
zcr_KD_VALUE,feature,zcr_KD_VALUE
zcr_ADCS_VERSION,feature,zcr_ADCS_VERSION
zcr_ADCS_ACC_CNT,feature,zcr_ADCS_ACC_CNT
zcr_ADCS_REJ_CNT,feature,zcr_ADCS_REJ_CNT
zcr_ADCS_INC_CNT,feature,zcr_ADCS_INC_CNT
zcr_MAG_DEPLOYMENT_STATUS,feature,zcr_MAG_DEPLOYMENT_STATUS
se_FSW_DB_VER,feature,se_FSW_DB_VER
se_DAY,feature,se_DAY
se_HOUR,feature,se_HOUR
se_MINUTE,feature,se_MINUTE
se_SECOND,feature,se_SECOND
se_SC_ID,feature,se_SC_ID
se_CMD_RCV_CNT,feature,se_CMD_RCV_CNT
se_CMD_ACC_CNT,feature,se_CMD_ACC_CNT
se_CMD_REJ_CNT,feature,se_CMD_REJ_CNT
se_CMD_INC_CNT,feature,se_CMD_INC_CNT
se_PAYLOAD_STATUS,feature,se_PAYLOAD_STATUS
se_PLATFORM_PWR_STATUS,feature,se_PLATFORM_PWR_STATUS
se_ADCS_PWR_STATUS,feature,se_ADCS_PWR_STATUS
se_PAYLOAD_PWR_STATUS,feature,se_PAYLOAD_PWR_STATUS
se_SPR_PWR_STATUS,feature,se_SPR_PWR_STATUS
se_SOLAR_V,feature,se_SOLAR_V
se_SOLAR_S,feature,se_SOLAR_S
se_EXT_V,feature,se_EXT_V
se_EXT_S,feature,se_EXT_S
se_BATT_CHR_V,feature,se_BATT_CHR_V
se_BATT_CHR_I,feature,se_BATT_CHR_I
se_BATT_CHR_STATUS,feature,se_BATT_CHR_STATUS
se_SYS_V,feature,se_SYS_V
se_SYS_I,feature,se_SYS_I
se_SPR_V,feature,se_SPR_V
se_SPR_I,feature,se_SPR_I
se_PLAT_5V_V,feature,se_PLAT_5V_V
se_PLAT_5V_I,feature,se_PLAT_5V_I
se_ADCS_5V_V,feature,se_ADCS_5V_V
se_ADCS_5V_I,feature,se_ADCS_5V_I
se_PAYLOAD_5V_V,feature,se_PAYLOAD_5V_V
se_PAYLOAD_5V_I,feature,se_PAYLOAD_5V_I
se_OBC_PWR_V,feature,se_OBC_PWR_V
se_OBC_PWR_I,feature,se_OBC_PWR_I
se_ADCS_PROC_PWR_V,feature,se_ADCS_PROC_PWR_V
se_ADCS_PROC_PWR_I,feature,se_ADCS_PROC_PWR_I
se_ADCS_PER_PWR_V,feature,se_ADCS_PER_PWR_V
se_ADCS_PER_PWR_I,feature,se_ADCS_PER_PWR_I
se_COMMS_PWR_V,feature,se_COMMS_PWR_V
se_COMMS_PWR_I,feature,se_COMMS_PWR_I
se_TEMP_SOLAR,feature,se_TEMP_SOLAR
se_TEMP_EPS,feature,se_TEMP_EPS
se_TEMP_BATTERY,feature,se_TEMP_BATTERY
se_TEMP_BACKPLANE,feature,se_TEMP_BACKPLANE
se_TEMP_OBDH,feature,se_TEMP_OBDH
se_TEMP_ADCS,feature,se_TEMP_ADCS
se_TEMP_WHEEL,feature,se_TEMP_WHEEL
se_TEMP_COMMS,feature,se_TEMP_COMMS
se_TEMP_PAYLOAD,feature,se_TEMP_PAYLOAD
se_TEMP_EPS_L,feature,se_TEMP_EPS_L
se_TEMP_OBDH_L,feature,se_TEMP_OBDH_L
se_TEMP_ADCS_L,feature,se_TEMP_ADCS_L
se_TEMP_WHEEL_L,feature,se_TEMP_WHEEL_L
se_TEMP_COMMS_L,feature,se_TEMP_COMMS_L
se_TEMP_PAYLOAD_L,feature,se_TEMP_PAYLOAD_L
se_FREQ,feature,se_FREQ
se_RSSI,feature,se_RSSI
se_TX_POWER,feature,se_TX_POWER
se_FRAME_ERR,feature,se_FRAME_ERR
se_TEMP_THERM_EXP_L,feature,se_TEMP_THERM_EXP_L
se_THERMISTOR_ROD_1,feature,se_THERMISTOR_ROD_1
se_THERMISTOR_ROD_2,feature,se_THERMISTOR_ROD_2
se_THERMISTOR_ROD_3,feature,se_THERMISTOR_ROD_3
se_THERMISTOR_ROD_4,feature,se_THERMISTOR_ROD_4
se_THERMISTOR_ROD_5,feature,se_THERMISTOR_ROD_5
se_THERMISTOR_ROD_6,feature,se_THERMISTOR_ROD_6
se_THERMISTOR_ROD_7,feature,se_THERMISTOR_ROD_7
se_THERMISTOR_ROD_8,feature,se_THERMISTOR_ROD_8
se_THERMISTOR_ROD_9,feature,se_THERMISTOR_ROD_9
se_THERMISTOR_ROD_10,feature,se_THERMISTOR_ROD_10
se_THERMISTOR_ROD_11,feature,se_THERMISTOR_ROD_11
se_THERMISTOR_ROD_12,feature,se_THERMISTOR_ROD_12
se_THERMISTOR_ROD_13,feature,se_THERMISTOR_ROD_13
se_THERMISTOR_ROD_14,feature,se_THERMISTOR_ROD_14
se_THERMISTOR_ROD_15,feature,se_THERMISTOR_ROD_15
se_THERMISTOR_ROD_16,feature,se_THERMISTOR_ROD_16
se_THERMISTOR_BATH_1,feature,se_THERMISTOR_BATH_1
se_THERMISTOR_BATH_2,feature,se_THERMISTOR_BATH_2
se_THERMISTOR_BATH_3,feature,se_THERMISTOR_BATH_3
se_THERMISTOR_EXP3,feature,se_THERMISTOR_EXP3
se_THERMISTOR_HEATER,feature,se_THERMISTOR_HEATER
se_THERMAL_EXP_SW_VERSION,feature,se_THERMAL_EXP_SW_VERSION
se_OBC_SW_VERSION,feature,se_OBC_SW_VERSION
se_PWR_SW_VERSION,feature,se_PWR_SW_VERSION
se_COMMS_SW_VERSION,feature,se_COMMS_SW_VERSION
se_ADCS_SW_VERSION,feature,se_ADCS_SW_VERSION
se_ACTUATOR_SW_VERSION,feature,se_ACTUATOR_SW_VERSION
se_PWR_SYS,feature,se_PWR_SYS
se_PWR_PLAT_5V,feature,se_PWR_PLAT_5V
se_PWR_OBC_PWR,feature,se_PWR_OBC_PWR
se_PWR_COMMS_PWR,feature,se_PWR_COMMS_PWR
se__has_stuck_thermistor,feature,se__has_stuck_thermistor
se_ADCS_MODE,feature,se_ADCS_MODE
se_ACCEL_X,feature,se_ACCEL_X
se_ACCEL_Y,feature,se_ACCEL_Y
se_ACCEL_Z,feature,se_ACCEL_Z
se_GYRO_X,feature,se_GYRO_X
se_GYRO_Y,feature,se_GYRO_Y
se_GYRO_Z,feature,se_GYRO_Z
se_MAG_X,feature,se_MAG_X
se_MAG_Y,feature,se_MAG_Y
se_MAG_Z,feature,se_MAG_Z
se_SUN_SENSOR_1a,feature,se_SUN_SENSOR_1a
se_SUN_SENSOR_1b,feature,se_SUN_SENSOR_1b
se_SUN_SENSOR_2a,feature,se_SUN_SENSOR_2a
se_SUN_SENSOR_2b,feature,se_SUN_SENSOR_2b
se_SUN_SENSOR_3a,feature,se_SUN_SENSOR_3a
se_SUN_SENSOR_3b,feature,se_SUN_SENSOR_3b
se_SUN_SENSOR_4a,feature,se_SUN_SENSOR_4a
se_SUN_SENSOR_4b,feature,se_SUN_SENSOR_4b
se_SUN_ANGLE,feature,se_SUN_ANGLE
se_WHEEL_SPEED,feature,se_WHEEL_SPEED
se_MAGNETORQUER_X,feature,se_MAGNETORQUER_X
se_MAGNETORQUER_Y,feature,se_MAGNETORQUER_Y
se_MAGNETORQUER_Z,feature,se_MAGNETORQUER_Z
se_KP_VALUE,feature,se_KP_VALUE
se_KD_VALUE,feature,se_KD_VALUE
se_ADCS_VERSION,feature,se_ADCS_VERSION
se_ADCS_ACC_CNT,feature,se_ADCS_ACC_CNT
se_ADCS_REJ_CNT,feature,se_ADCS_REJ_CNT
se_ADCS_INC_CNT,feature,se_ADCS_INC_CNT
se_MAG_DEPLOYMENT_STATUS,feature,se_MAG_DEPLOYMENT_STATUS
df_FSW_DB_VER,feature,df_FSW_DB_VER
df_DAY,feature,df_DAY
df_HOUR,feature,df_HOUR
df_MINUTE,feature,df_MINUTE
df_SECOND,feature,df_SECOND
df_SC_ID,feature,df_SC_ID
df_CMD_RCV_CNT,feature,df_CMD_RCV_CNT
df_CMD_ACC_CNT,feature,df_CMD_ACC_CNT
df_CMD_REJ_CNT,feature,df_CMD_REJ_CNT
df_CMD_INC_CNT,feature,df_CMD_INC_CNT
df_PAYLOAD_STATUS,feature,df_PAYLOAD_STATUS
df_PLATFORM_PWR_STATUS,feature,df_PLATFORM_PWR_STATUS
df_ADCS_PWR_STATUS,feature,df_ADCS_PWR_STATUS
df_PAYLOAD_PWR_STATUS,feature,df_PAYLOAD_PWR_STATUS
df_SPR_PWR_STATUS,feature,df_SPR_PWR_STATUS
df_SOLAR_V,feature,df_SOLAR_V
df_SOLAR_S,feature,df_SOLAR_S
df_EXT_V,feature,df_EXT_V
df_EXT_S,feature,df_EXT_S
df_BATT_CHR_V,feature,df_BATT_CHR_V
df_BATT_CHR_I,feature,df_BATT_CHR_I
df_BATT_CHR_STATUS,feature,df_BATT_CHR_STATUS
df_SYS_V,feature,df_SYS_V
df_SYS_I,feature,df_SYS_I
df_SPR_V,feature,df_SPR_V
df_SPR_I,feature,df_SPR_I
df_PLAT_5V_V,feature,df_PLAT_5V_V
df_PLAT_5V_I,feature,df_PLAT_5V_I
df_ADCS_5V_V,feature,df_ADCS_5V_V
df_ADCS_5V_I,feature,df_ADCS_5V_I
df_PAYLOAD_5V_V,feature,df_PAYLOAD_5V_V
df_PAYLOAD_5V_I,feature,df_PAYLOAD_5V_I
df_OBC_PWR_V,feature,df_OBC_PWR_V
df_OBC_PWR_I,feature,df_OBC_PWR_I
df_ADCS_PROC_PWR_V,feature,df_ADCS_PROC_PWR_V
df_ADCS_PROC_PWR_I,feature,df_ADCS_PROC_PWR_I
df_ADCS_PER_PWR_V,feature,df_ADCS_PER_PWR_V
df_ADCS_PER_PWR_I,feature,df_ADCS_PER_PWR_I
df_COMMS_PWR_V,feature,df_COMMS_PWR_V
df_COMMS_PWR_I,feature,df_COMMS_PWR_I
df_TEMP_SOLAR,feature,df_TEMP_SOLAR
df_TEMP_EPS,feature,df_TEMP_EPS
df_TEMP_BATTERY,feature,df_TEMP_BATTERY
df_TEMP_BACKPLANE,feature,df_TEMP_BACKPLANE
df_TEMP_OBDH,feature,df_TEMP_OBDH
df_TEMP_ADCS,feature,df_TEMP_ADCS
df_TEMP_WHEEL,feature,df_TEMP_WHEEL
df_TEMP_COMMS,feature,df_TEMP_COMMS
df_TEMP_PAYLOAD,feature,df_TEMP_PAYLOAD
df_TEMP_EPS_L,feature,df_TEMP_EPS_L
df_TEMP_OBDH_L,feature,df_TEMP_OBDH_L
df_TEMP_ADCS_L,feature,df_TEMP_ADCS_L
df_TEMP_WHEEL_L,feature,df_TEMP_WHEEL_L
df_TEMP_COMMS_L,feature,df_TEMP_COMMS_L
df_TEMP_PAYLOAD_L,feature,df_TEMP_PAYLOAD_L
df_FREQ,feature,df_FREQ
df_RSSI,feature,df_RSSI
df_TX_POWER,feature,df_TX_POWER
df_FRAME_ERR,feature,df_FRAME_ERR
df_TEMP_THERM_EXP_L,feature,df_TEMP_THERM_EXP_L
df_THERMISTOR_ROD_1,feature,df_THERMISTOR_ROD_1
df_THERMISTOR_ROD_2,feature,df_THERMISTOR_ROD_2
df_THERMISTOR_ROD_3,feature,df_THERMISTOR_ROD_3
df_THERMISTOR_ROD_4,feature,df_THERMISTOR_ROD_4
df_THERMISTOR_ROD_5,feature,df_THERMISTOR_ROD_5
df_THERMISTOR_ROD_6,feature,df_THERMISTOR_ROD_6
df_THERMISTOR_ROD_7,feature,df_THERMISTOR_ROD_7
df_THERMISTOR_ROD_8,feature,df_THERMISTOR_ROD_8
df_THERMISTOR_ROD_9,feature,df_THERMISTOR_ROD_9
df_THERMISTOR_ROD_10,feature,df_THERMISTOR_ROD_10
df_THERMISTOR_ROD_11,feature,df_THERMISTOR_ROD_11
df_THERMISTOR_ROD_12,feature,df_THERMISTOR_ROD_12
df_THERMISTOR_ROD_13,feature,df_THERMISTOR_ROD_13
df_THERMISTOR_ROD_14,feature,df_THERMISTOR_ROD_14
df_THERMISTOR_ROD_15,feature,df_THERMISTOR_ROD_15
df_THERMISTOR_ROD_16,feature,df_THERMISTOR_ROD_16
df_THERMISTOR_BATH_1,feature,df_THERMISTOR_BATH_1
df_THERMISTOR_BATH_2,feature,df_THERMISTOR_BATH_2
df_THERMISTOR_BATH_3,feature,df_THERMISTOR_BATH_3
df_THERMISTOR_EXP3,feature,df_THERMISTOR_EXP3
df_THERMISTOR_HEATER,feature,df_THERMISTOR_HEATER
df_THERMAL_EXP_SW_VERSION,feature,df_THERMAL_EXP_SW_VERSION
df_OBC_SW_VERSION,feature,df_OBC_SW_VERSION
df_PWR_SW_VERSION,feature,df_PWR_SW_VERSION
df_COMMS_SW_VERSION,feature,df_COMMS_SW_VERSION
df_ADCS_SW_VERSION,feature,df_ADCS_SW_VERSION
df_ACTUATOR_SW_VERSION,feature,df_ACTUATOR_SW_VERSION
df_PWR_SYS,feature,df_PWR_SYS
df_PWR_PLAT_5V,feature,df_PWR_PLAT_5V
df_PWR_OBC_PWR,feature,df_PWR_OBC_PWR
df_PWR_COMMS_PWR,feature,df_PWR_COMMS_PWR
df__has_stuck_thermistor,feature,df__has_stuck_thermistor
df_ADCS_MODE,feature,df_ADCS_MODE
df_ACCEL_X,feature,df_ACCEL_X
df_ACCEL_Y,feature,df_ACCEL_Y
df_ACCEL_Z,feature,df_ACCEL_Z
df_GYRO_X,feature,df_GYRO_X
df_GYRO_Y,feature,df_GYRO_Y
df_GYRO_Z,feature,df_GYRO_Z
df_MAG_X,feature,df_MAG_X
df_MAG_Y,feature,df_MAG_Y
df_MAG_Z,feature,df_MAG_Z
df_SUN_SENSOR_1a,feature,df_SUN_SENSOR_1a
df_SUN_SENSOR_1b,feature,df_SUN_SENSOR_1b
df_SUN_SENSOR_2a,feature,df_SUN_SENSOR_2a
df_SUN_SENSOR_2b,feature,df_SUN_SENSOR_2b
df_SUN_SENSOR_3a,feature,df_SUN_SENSOR_3a
df_SUN_SENSOR_3b,feature,df_SUN_SENSOR_3b
df_SUN_SENSOR_4a,feature,df_SUN_SENSOR_4a
df_SUN_SENSOR_4b,feature,df_SUN_SENSOR_4b
df_SUN_ANGLE,feature,df_SUN_ANGLE
df_WHEEL_SPEED,feature,df_WHEEL_SPEED
df_MAGNETORQUER_X,feature,df_MAGNETORQUER_X
df_MAGNETORQUER_Y,feature,df_MAGNETORQUER_Y
df_MAGNETORQUER_Z,feature,df_MAGNETORQUER_Z
df_KP_VALUE,feature,df_KP_VALUE
df_KD_VALUE,feature,df_KD_VALUE
df_ADCS_VERSION,feature,df_ADCS_VERSION
df_ADCS_ACC_CNT,feature,df_ADCS_ACC_CNT
df_ADCS_REJ_CNT,feature,df_ADCS_REJ_CNT
df_ADCS_INC_CNT,feature,df_ADCS_INC_CNT
df_MAG_DEPLOYMENT_STATUS,feature,df_MAG_DEPLOYMENT_STATUS
