timestamp,ADCS_MODE,ACCEL_X,ACCEL_Y,ACCEL_Z,GYRO_X,GYRO_Y,GYRO_Z,MAG_X,MAG_Y,MAG_Z,SUN_SENSOR_1a,SUN_SENSOR_1b,SUN_SENSOR_2a,SUN_SENSOR_2b,SUN_SENSOR_3a,SUN_SENSOR_3b,SUN_SENSOR_4a,SUN_SENSOR_4b,SUN_ANGLE,WHEEL_SPEED,MAGNETORQUER_X,MAGNETORQUER_Y,MAGNETORQUER_Z,KP_VALUE,KD_VALUE,ADCS_VERSION,ADCS_ACC_CNT,ADCS_REJ_CNT,ADCS_INC_CNT,MAG_DEPLOYMENT_STATUS,elapsed_s,anomaly,anomaly_type
2026-12-03 12:16:55.811,0.0,0.0,0.0,0.0,0.0,0.0,0.0,0.0,0.0,0.0,0.0,0.0,0.0,0.0,0.0,0.0,0.0,0.0,0.0,0.0,0.0,0.0,0.0,0.0,0.0,0.0,0.0,0.0,0.0,0.0,0.0,False,
2026-12-03 12:16:56.369,0.0,0.0,0.0,0.0,0.0,0.0,0.0,0.0,0.0,0.0,0.0,0.0,0.0,0.0,0.0,0.0,0.0,0.0,0.0,0.0,0.0,0.0,0.0,0.0,0.0,0.0,0.0,0.0,0.0,0.0,0.558,False,
2026-12-03 12:16:56.813,0.0,0.0,0.0,0.0,0.0,0.0,0.0,0.0,0.0,0.0,0.0,0.0,0.0,0.0,0.0,0.0,0.0,0.0,0.0,0.0,0.0,0.0,0.0,0.0,0.0,0.0,0.0,0.0,0.0,0.0,1.002,False,
2026-12-03 12:16:57.416,0.0,0.0,0.0,0.0,0.0,0.0,0.0,0.0,0.0,0.0,0.0,0.0,0.0,0.0,0.0,0.0,0.0,0.0,0.0,0.0,0.0,0.0,0.0,0.0,0.0,0.0,0.0,0.0,0.0,0.0,1.605,False,
2026-12-03 12:16:57.817,0.0,0.0,0.0,0.0,0.0,0.0,0.0,0.0,0.0,0.0,0.0,0.0,0.0,0.0,0.0,0.0,0.0,0.0,0.0,0.0,0.0,0.0,0.0,0.0,0.0,0.0,0.0,0.0,0.0,0.0,2.006,False,
2026-12-03 12:16:58.573,0.0,0.0,0.0,0.0,0.0,0.0,0.0,0.0,0.0,0.0,0.0,0.0,0.0,0.0,0.0,0.0,0.0,0.0,0.0,0.0,0.0,0.0,0.0,0.0,0.0,0.0,0.0,0.0,0.0,0.0,2.762,False,
2026-12-03 12:16:58.919,0.0,0.0,0.0,0.0,0.0,0.0,0.0,0.0,0.0,0.0,0.0,0.0,0.0,0.0,0.0,0.0,0.0,0.0,0.0,0.0,0.0,0.0,0.0,0.0,0.0,0.0,0.0,0.0,0.0,0.0,3.108,False,
2026-12-03 12:16:59.319,0.0,0.0,0.0,0.0,0.0,0.0,0.0,0.0,0.0,0.0,0.0,0.0,0.0,0.0,0.0,0.0,0.0,0.0,0.0,0.0,0.0,0.0,0.0,0.0,0.0,0.0,0.0,0.0,0.0,0.0,3.508,False,
2026-12-03 12:17:00.075,0.0,0.0,0.0,0.0,0.0,0.0,0.0,0.0,0.0,0.0,0.0,0.0,0.0,0.0,0.0,0.0,0.0,0.0,0.0,0.0,0.0,0.0,0.0,0.0,0.0,0.0,0.0,0.0,0.0,0.0,4.264,False,
2026-12-03 12:17:00.373,0.0,0.0,0.0,0.0,0.0,0.0,0.0,0.0,0.0,0.0,0.0,0.0,0.0,0.0,0.0,0.0,0.0,0.0,0.0,0.0,0.0,0.0,0.0,0.0,0.0,0.0,0.0,0.0,0.0,0.0,4.562,False,
2026-12-03 12:17:00.825,0.0,0.0,0.0,0.0,0.0,0.0,0.0,0.0,0.0,0.0,0.0,0.0,0.0,0.0,0.0,0.0,0.0,0.0,0.0,0.0,0.0,0.0,0.0,0.0,0.0,0.0,0.0,0.0,0.0,0.0,5.014,False,
2026-12-03 12:17:01.577,0.0,0.0,0.0,0.0,0.0,0.0,0.0,0.0,0.0,0.0,0.0,0.0,0.0,0.0,0.0,0.0,0.0,0.0,0.0,0.0,0.0,0.0,0.0,0.0,0.0,0.0,0.0,0.0,0.0,0.0,5.766,False,
2026-12-03 12:17:01.876,0.0,0.0,0.0,0.0,0.0,0.0,0.0,0.0,0.0,0.0,0.0,0.0,0.0,0.0,0.0,0.0,0.0,0.0,0.0,0.0,0.0,0.0,0.0,0.0,0.0,0.0,0.0,0.0,0.0,0.0,6.065,False,
2026-12-03 12:17:02.377,0.0,0.0,0.0,0.0,0.0,0.0,0.0,0.0,0.0,0.0,0.0,0.0,0.0,0.0,0.0,0.0,0.0,0.0,0.0,0.0,0.0,0.0,0.0,0.0,0.0,0.0,0.0,0.0,0.0,0.0,6.566,False,
2026-12-03 12:17:03.075,0.0,0.0,0.0,0.0,0.0,0.0,0.0,0.0,0.0,0.0,0.0,0.0,0.0,0.0,0.0,0.0,0.0,0.0,0.0,0.0,0.0,0.0,0.0,0.0,0.0,0.0,0.0,0.0,0.0,0.0,7.264,False,
2026-12-03 12:17:03.428,0.0,0.0,0.0,0.0,0.0,0.0,0.0,0.0,0.0,0.0,0.0,0.0,0.0,0.0,0.0,0.0,0.0,0.0,0.0,0.0,0.0,0.0,0.0,0.0,0.0,0.0,0.0,0.0,0.0,0.0,7.617,False,
2026-12-03 12:17:03.828,0.0,0.0,0.0,0.0,0.0,0.0,0.0,0.0,0.0,0.0,0.0,0.0,0.0,0.0,0.0,0.0,0.0,0.0,0.0,0.0,0.0,0.0,0.0,0.0,0.0,0.0,0.0,0.0,0.0,0.0,8.017,False,
2026-12-03 12:17:04.576,0.0,0.0,0.0,0.0,0.0,0.0,0.0,0.0,0.0,0.0,0.0,0.0,0.0,0.0,0.0,0.0,0.0,0.0,0.0,0.0,0.0,0.0,0.0,0.0,0.0,0.0,0.0,0.0,0.0,0.0,8.765,False,
2026-12-03 12:17:04.879,0.0,0.0,0.0,0.0,0.0,0.0,0.0,0.0,0.0,0.0,0.0,0.0,0.0,0.0,0.0,0.0,0.0,0.0,0.0,0.0,0.0,0.0,0.0,0.0,0.0,0.0,0.0,0.0,0.0,0.0,9.068,False,
2026-12-03 12:17:05.329,0.0,0.0,0.0,0.0,0.0,0.0,0.0,0.0,0.0,0.0,0.0,0.0,0.0,0.0,0.0,0.0,0.0,0.0,0.0,0.0,0.0,0.0,0.0,0.0,0.0,0.0,0.0,0.0,0.0,0.0,9.518,False,
2026-12-03 12:17:06.080,0.0,0.0,0.0,0.0,0.0,0.0,0.0,0.0,0.0,0.0,0.0,0.0,0.0,0.0,0.0,0.0,0.0,0.0,0.0,0.0,0.0,0.0,0.0,0.0,0.0,0.0,0.0,0.0,0.0,0.0,10.269,False,
2026-12-03 12:17:06.432,0.0,0.0,0.0,0.0,0.0,0.0,0.0,0.0,0.0,0.0,0.0,0.0,0.0,0.0,0.0,0.0,0.0,0.0,0.0,0.0,0.0,0.0,0.0,0.0,0.0,0.0,0.0,0.0,0.0,0.0,10.621,False,
2026-12-03 12:17:06.885,0.0,0.0,0.0,0.0,0.0,0.0,0.0,0.0,0.0,0.0,0.0,0.0,0.0,0.0,0.0,0.0,0.0,0.0,0.0,0.0,0.0,0.0,0.0,0.0,0.0,0.0,0.0,0.0,0.0,0.0,11.074,False,
2026-12-03 12:17:07.584,0.0,0.0,0.0,0.0,0.0,0.0,0.0,0.0,0.0,0.0,0.0,0.0,0.0,0.0,0.0,0.0,0.0,0.0,0.0,0.0,0.0,0.0,0.0,0.0,0.0,0.0,0.0,0.0,0.0,0.0,11.773,False,
2026-12-03 12:17:07.884,0.0,0.0,0.0,0.0,0.0,0.0,0.0,0.0,0.0,0.0,0.0,0.0,0.0,0.0,0.0,0.0,0.0,0.0,0.0,0.0,0.0,0.0,0.0,0.0,0.0,0.0,0.0,0.0,0.0,0.0,12.073,False,
2026-12-03 12:17:08.336,0.0,0.0,0.0,0.0,0.0,0.0,0.0,0.0,0.0,0.0,0.0,0.0,0.0,0.0,0.0,0.0,0.0,0.0,0.0,0.0,0.0,0.0,0.0,0.0,0.0,0.0,0.0,0.0,0.0,0.0,12.525,False,
2026-12-03 12:17:09.090,0.0,0.0,0.0,0.0,0.0,0.0,0.0,0.0,0.0,0.0,0.0,0.0,0.0,0.0,0.0,0.0,0.0,0.0,0.0,0.0,0.0,0.0,0.0,0.0,0.0,0.0,0.0,0.0,0.0,0.0,13.279,False,
2026-12-03 12:17:09.438,0.0,0.0,0.0,0.0,0.0,0.0,0.0,0.0,0.0,0.0,0.0,0.0,0.0,0.0,0.0,0.0,0.0,0.0,0.0,0.0,0.0,0.0,0.0,0.0,0.0,0.0,0.0,0.0,0.0,0.0,13.627,False,
2026-12-03 12:17:09.839,0.0,0.0,0.0,0.0,0.0,0.0,0.0,0.0,0.0,0.0,0.0,0.0,0.0,0.0,0.0,0.0,0.0,0.0,0.0,0.0,0.0,0.0,0.0,0.0,0.0,0.0,0.0,0.0,0.0,0.0,14.028,False,
2026-12-03 12:17:10.589,0.0,-0.02,-0.01,-1.01,2.74,-1.52,-0.42,-29.131,-29.236,-19.5,8.0,9.0,26.0,17.0,43.0,43.0,12.0,10.0,87.0,0.0,0.0,0.0,0.0,320.0,1.0,0.0,0.0,0.0,0.0,0.0,14.778,False,
2026-12-03 12:17:10.939,0.0,-0.02,-0.01,-1.01,-3.54,2.38,-1.4,-9.771,19.664,-22.8,8.0,9.0,27.0,17.0,43.0,44.0,12.0,10.0,87.0,0.0,0.0,0.0,0.0,320.0,1.0,0.0,0.0,0.0,0.0,0.0,15.128,False,
2026-12-03 12:17:11.340,0.0,-0.02,-0.01,-1.01,2.86,-1.83,-1.95,-3.237,19.064,-26.4,8.0,9.0,26.0,16.0,44.0,45.0,13.0,11.0,87.0,0.0,0.0,0.0,0.0,320.0,1.0,0.0,0.0,0.0,0.0,0.0,15.529,False,
2026-12-03 12:17:12.093,0.0,-0.02,-0.01,-1.01,-3.11,1.28,3.29,-31.31,-32.536,-15.3,8.0,9.0,26.0,16.0,45.0,44.0,12.0,11.0,87.0,0.0,0.0,0.0,0.0,320.0,1.0,0.0,0.0,0.0,0.0,0.0,16.282,False,
2026-12-03 12:17:12.394,0.0,-0.02,-0.01,-1.01,1.77,-0.79,2.62,-16.547,31.5,-21.3,8.0,9.0,27.0,17.0,44.0,43.0,12.0,10.0,87.0,0.0,0.0,0.0,0.0,320.0,1.0,0.0,0.0,0.0,0.0,0.0,16.583,False,
2026-12-03 12:17:12.845,0.0,-0.02,-0.01,-1.01,0.97,-2.25,-1.34,-15.338,31.5,-21.6,8.0,9.0,27.0,17.0,43.0,43.0,12.0,10.0,87.0,0.0,0.0,0.0,0.0,320.0,1.0,0.0,0.0,0.0,0.0,0.0,17.034,False,
2026-12-03 12:17:13.596,0.0,-0.02,-0.01,-1.01,-1.64,2.07,-3.17,-24.534,-29.536,-16.5,8.0,9.0,26.0,16.0,44.0,45.0,12.0,11.0,87.0,0.0,0.0,0.0,0.0,320.0,1.0,0.0,0.0,0.0,0.0,0.0,17.785,False,
2026-12-03 12:17:13.949,0.0,-0.02,-0.01,-1.01,0.18,-1.89,1.15,-17.515,-21.436,-21.6,8.0,9.0,26.0,16.0,44.0,45.0,12.0,11.0,87.0,0.0,0.0,0.0,0.0,320.0,1.0,0.0,0.0,0.0,0.0,0.0,18.138,False,
2026-12-03 12:17:14.349,0.0,-0.02,-0.01,-1.01,-0.48,2.25,2.68,-17.032,-22.336,-21.0,8.0,9.0,26.0,17.0,44.0,44.0,12.0,10.0,87.0,0.0,0.0,0.0,0.0,320.0,1.0,0.0,0.0,0.0,0.0,0.0,18.538,False,
2026-12-03 12:17:15.101,0.0,-0.02,-0.01,-1.01,-0.48,-1.83,-1.83,-18.0,-22.036,-20.7,8.0,9.0,27.0,17.0,43.0,44.0,12.0,10.0,87.0,0.0,0.0,0.0,0.0,320.0,1.0,0.0,0.0,0.0,0.0,0.0,19.29,False,
2026-12-03 12:17:15.399,0.0,-0.02,-0.01,-1.01,-1.58,1.77,-1.58,-18.483,-21.436,-21.3,8.0,9.0,26.0,16.0,43.0,45.0,12.0,10.0,87.0,0.0,0.0,0.0,0.0,320.0,1.0,0.0,0.0,0.0,0.0,0.0,19.588,False,
2026-12-03 12:17:15.853,0.0,-0.02,-0.01,-1.01,0.42,-1.34,1.77,-16.789,-21.436,-20.7,8.0,9.0,26.0,16.0,44.0,45.0,12.0,11.0,87.0,0.0,0.0,0.0,0.0,320.0,1.0,0.0,0.0,0.0,0.0,0.0,20.042,False,
2026-12-03 12:17:16.605,0.0,-0.02,-0.01,-1.01,-1.83,1.03,0.91,-18.0,-21.436,-21.0,8.0,9.0,26.0,17.0,44.0,43.0,12.0,10.0,87.0,0.0,0.0,0.0,0.0,320.0,1.0,0.0,0.0,0.0,0.0,0.0,20.794,False,
2026-12-03 12:17:16.905,0.0,-0.02,-0.01,-1.01,-0.24,-0.36,-1.83,-17.032,-21.436,-20.4,8.0,9.0,26.0,17.0,44.0,44.0,12.0,11.0,87.0,0.0,0.0,0.0,0.0,320.0,1.0,0.0,0.0,0.0,0.0,0.0,21.094,False,
2026-12-03 12:17:17.358,0.0,-0.02,-0.01,-1.01,-0.3,-0.24,-0.18,-17.758,-21.136,-21.6,8.0,9.0,26.0,16.0,43.0,44.0,12.0,11.0,87.0,0.0,0.0,0.0,0.0,320.0,1.0,0.0,0.0,0.0,0.0,0.0,21.547,False,
2026-12-03 12:17:18.108,0.0,-0.02,-0.01,-1.01,-1.64,0.3,1.7,-17.515,-21.736,-21.6,8.0,9.0,26.0,16.0,44.0,45.0,12.0,10.0,87.0,0.0,0.0,0.0,0.0,320.0,1.0,0.0,0.0,0.0,0.0,0.0,22.297,False,
2026-12-03 12:17:18.462,0.0,-0.02,-0.01,-1.01,0.18,-0.67,-0.48,-17.273,-21.736,-21.0,8.0,9.0,26.0,17.0,44.0,44.0,12.0,10.0,87.0,0.0,0.0,0.0,0.0,320.0,1.0,0.0,0.0,0.0,0.0,0.0,22.651,False,
2026-12-03 12:17:18.861,0.0,-0.02,-0.01,-1.01,-2.13,0.97,-1.34,-17.758,-21.436,-21.6,8.0,9.0,26.0,16.0,44.0,44.0,12.0,11.0,87.0,0.0,0.0,0.0,0.0,320.0,1.0,0.0,0.0,0.0,0.0,0.0,23.05,False,
2026-12-03 12:17:19.407,0.0,-0.02,-0.01,-1.01,0.54,-0.67,0.42,-17.032,-21.736,-21.0,8.0,9.0,26.0,16.0,43.0,44.0,12.0,10.0,87.0,0.0,0.0,0.0,0.0,320.0,1.0,0.0,0.0,0.0,0.0,0.0,23.596,False,
2026-12-03 12:17:20.013,0.0,-0.02,-0.01,-1.01,-2.01,1.4,0.97,-18.241,-22.036,-20.7,8.0,9.0,26.0,16.0,44.0,45.0,12.0,10.0,87.0,0.0,0.0,0.0,0.0,320.0,1.0,0.0,0.0,0.0,0.0,0.0,24.202,False,
2026-12-03 12:17:20.411,3.0,-0.02,-0.01,-1.01,-0.42,-1.46,-1.03,-16.306,-22.036,-21.0,8.0,9.0,26.0,16.0,44.0,44.0,12.0,10.0,87.0,0.0,0.0,0.0,0.0,320.0,1.0,0.0,0.0,0.0,0.0,0.0,24.6,False,
2026-12-03 12:17:20.864,3.0,-0.02,-0.01,-1.01,-0.97,2.07,-0.48,-17.758,-21.436,-21.3,8.0,9.0,26.0,16.0,44.0,44.0,12.0,11.0,87.0,0.0,0.0,0.0,0.0,320.0,1.0,0.0,0.0,0.0,0.0,0.0,25.053,False,
2026-12-03 12:17:21.559,3.0,-0.02,-0.01,-1.01,0.18,-1.77,0.67,-18.0,-21.736,-20.4,8.0,9.0,27.0,16.0,43.0,45.0,12.0,10.0,87.0,0.0,0.0,0.0,0.0,320.0,1.0,0.0,0.0,0.0,0.0,0.0,25.748,False,
2026-12-03 12:17:22.062,3.0,-0.02,-0.01,-1.01,-0.42,2.5,0.24,-17.515,-21.736,-21.0,8.0,9.0,26.0,16.0,44.0,44.0,12.0,10.0,87.0,0.0,0.0,0.0,0.0,320.0,1.0,0.0,0.0,0.0,0.0,0.0,26.251,False,
2026-12-03 12:17:22.364,3.0,-0.02,-0.01,-1.01,-0.12,-1.58,-0.73,-16.547,-21.736,-20.4,8.0,9.0,26.0,16.0,45.0,45.0,12.0,11.0,87.0,0.0,0.0,0.0,0.0,320.0,1.0,0.0,0.0,0.0,0.0,0.0,26.553,False,
2026-12-03 12:17:22.814,3.0,-0.02,-0.01,-1.01,-1.22,1.28,0.18,-17.032,-21.736,-20.7,8.0,9.0,26.0,16.0,43.0,43.0,12.0,11.0,87.0,0.0,0.0,0.0,0.0,320.0,1.0,0.0,0.0,0.0,0.0,0.0,27.003,False,
2026-12-03 12:17:23.368,3.0,-0.02,-0.01,-1.01,-0.36,-1.09,0.73,-17.273,-22.636,-21.0,8.0,9.0,27.0,16.0,43.0,45.0,12.0,10.0,87.0,0.0,0.0,0.0,0.0,320.0,1.0,0.0,0.0,0.0,0.0,0.0,27.557,False,
2026-12-03 12:17:23.815,3.0,-0.02,-0.01,-1.01,-0.79,1.95,-0.48,-16.547,-21.736,-21.3,8.0,9.0,27.0,16.0,43.0,44.0,12.0,10.0,87.0,0.0,0.0,0.0,0.0,320.0,1.0,0.0,0.0,0.0,0.0,0.0,28.004,False,
2026-12-03 12:17:24.570,3.0,-0.02,-0.01,-1.01,-0.12,0.0,-0.42,-17.515,-21.436,-21.3,8.0,9.0,26.0,16.0,45.0,45.0,12.0,11.0,87.0,0.0,0.0,0.0,0.0,320.0,1.0,0.0,0.0,0.0,0.0,0.0,28.759,False,
2026-12-03 12:17:24.870,3.0,-0.02,-0.01,-1.01,-0.42,0.67,0.54,-17.758,-21.736,-21.3,8.0,9.0,26.0,16.0,44.0,43.0,12.0,11.0,87.0,0.0,0.0,0.0,0.0,320.0,1.0,0.0,0.0,0.0,0.0,0.0,29.059,False,
2026-12-03 12:17:25.321,3.0,-0.02,-0.01,-1.01,-1.28,0.24,0.24,-17.032,-21.136,-20.4,8.0,9.0,27.0,16.0,43.0,45.0,12.0,10.0,87.0,0.0,0.0,0.0,0.0,320.0,1.0,0.0,0.0,0.0,0.0,0.0,29.51,False,
2026-12-03 12:17:26.072,3.0,-0.02,-0.01,-1.01,0.48,-0.18,-0.61,-16.789,-22.036,-21.3,8.0,9.0,26.0,16.0,44.0,45.0,12.0,10.0,87.0,0.0,0.0,0.0,0.0,320.0,1.0,0.0,0.0,0.0,0.0,0.0,30.261,False,
2026-12-03 12:17:26.372,3.0,-0.02,-0.01,-1.01,-1.22,0.48,0.06,-17.273,-21.436,-21.3,8.0,9.0,26.0,16.0,44.0,44.0,12.0,11.0,87.0,0.0,0.0,0.0,0.0,320.0,1.0,0.0,0.0,0.0,0.0,0.0,30.561,False,
2026-12-03 12:17:26.825,3.0,-0.02,-0.01,-1.01,2.99,-1.22,0.06,-18.483,-21.436,-21.9,8.0,9.0,26.0,16.0,44.0,44.0,12.0,11.0,87.0,0.0,0.0,0.0,0.0,320.0,1.0,0.0,0.0,0.0,0.0,0.0,31.014,False,
2026-12-03 12:17:27.574,3.0,-0.02,-0.01,-1.01,-3.6,1.64,0.18,-17.758,-21.736,-21.3,8.0,9.0,26.0,16.0,43.0,44.0,12.0,10.0,87.0,0.0,0.0,0.0,0.0,320.0,1.0,0.0,0.0,0.0,0.0,0.0,31.763,False,
2026-12-03 12:17:27.875,3.0,-0.02,-0.01,-1.01,0.54,-1.89,-0.48,-16.789,-21.136,-21.3,8.0,9.0,26.0,16.0,45.0,45.0,12.0,10.0,87.0,0.0,0.0,0.0,0.0,320.0,1.0,0.0,0.0,0.0,0.0,0.0,32.064,False,
2026-12-03 12:17:28.327,3.0,-0.02,-0.01,-1.01,-1.46,2.13,0.24,-16.547,-21.436,-20.4,8.0,9.0,26.0,16.0,44.0,44.0,12.0,11.0,87.0,0.0,0.0,0.0,0.0,320.0,1.0,0.0,0.0,0.0,0.0,0.0,32.516,False,
2026-12-03 12:17:29.080,3.0,-0.02,-0.01,-1.01,0.0,-1.58,0.24,-17.032,-22.336,-21.0,8.0,9.0,27.0,16.0,44.0,44.0,12.0,11.0,87.0,0.0,0.0,0.0,0.0,320.0,1.0,0.0,0.0,0.0,0.0,0.0,33.269,False,
2026-12-03 12:17:29.378,3.0,-0.02,-0.01,-1.01,-1.34,1.64,-0.12,-17.515,-21.436,-21.9,8.0,9.0,26.0,16.0,43.0,44.0,12.0,10.0,87.0,0.0,0.0,0.0,0.0,320.0,1.0,0.0,0.0,0.0,0.0,0.0,33.567,False,
2026-12-03 12:17:29.831,3.0,-0.02,-0.01,-1.01,-0.61,-1.83,0.0,-18.241,-22.036,-20.7,8.0,9.0,26.0,16.0,44.0,45.0,12.0,10.0,87.0,0.0,0.0,0.0,0.0,320.0,1.0,0.0,0.0,0.0,0.0,0.0,34.02,False,
2026-12-03 12:17:30.583,3.0,-0.02,-0.01,-1.01,-0.18,1.89,0.18,-17.032,-21.736,-21.3,8.0,9.0,26.0,16.0,44.0,44.0,12.0,11.0,87.0,0.0,0.0,0.0,0.0,320.0,1.0,0.0,0.0,0.0,0.0,0.0,34.772,False,
2026-12-03 12:17:30.881,3.0,-0.02,-0.01,-1.01,-2.44,-1.58,0.18,-17.758,-22.036,-21.3,8.0,9.0,27.0,17.0,43.0,44.0,12.0,10.0,87.0,0.0,0.0,0.0,0.0,320.0,1.0,0.0,0.0,0.0,0.0,0.0,35.07,False,
2026-12-03 12:17:31.331,3.0,-0.02,-0.01,-1.01,1.77,1.15,-0.36,-17.273,-22.036,-20.7,8.0,9.0,26.0,16.0,44.0,45.0,12.0,10.0,87.0,0.0,0.0,0.0,0.0,320.0,1.0,0.0,0.0,0.0,0.0,0.0,35.52,False,
2026-12-03 12:17:32.181,3.0,-0.02,-0.01,-1.01,0.42,1.34,0.06,-17.032,-22.336,-21.6,8.0,9.0,26.0,16.0,44.0,44.0,12.0,10.0,87.0,0.0,0.0,0.0,0.0,320.0,1.0,0.0,0.0,0.0,0.0,0.0,36.37,False,
2026-12-03 12:17:32.436,3.0,-0.02,-0.01,-1.01,1.4,0.73,-15.8,-10.361,17.236,18.0,8.0,8.0,18.0,15.0,46.0,45.0,13.0,12.0,87.0,-98.0,0.0,0.0,0.0,320.0,1.0,0.0,0.0,0.0,0.0,0.0,36.625,False,
2026-12-03 12:17:33.136,3.0,-0.02,-0.01,-1.01,-2.74,0.0,-0.12,5.763,-16.5,-0.3,7.0,8.0,15.0,13.0,46.0,46.0,15.0,13.0,87.0,-97.0,0.0,0.0,0.0,320.0,1.0,0.0,0.0,0.0,0.0,0.0,37.325,False,
2026-12-03 12:17:33.435,3.0,-0.02,-0.01,-1.01,0.73,-0.42,8.23,-20.903,-13.336,-18.0,8.0,9.0,17.0,14.0,46.0,46.0,14.0,12.0,87.0,-98.0,0.0,0.0,0.0,320.0,1.0,0.0,0.0,0.0,0.0,0.0,37.624,False,
2026-12-03 12:17:33.888,3.0,-0.02,-0.01,-1.01,-1.77,0.79,1.89,17.333,10.664,-15.6,8.0,9.0,19.0,15.0,44.0,45.0,13.0,11.0,87.0,-98.0,0.0,0.0,0.0,320.0,1.0,0.0,0.0,0.0,0.0,0.0,38.077,False,
2026-12-03 12:17:34.641,3.0,-0.02,-0.01,-1.01,-2.38,-0.42,-4.51,8.47,26.4,3.0,8.0,9.0,19.0,16.0,45.0,45.0,13.0,11.0,87.0,-97.0,0.0,0.0,0.0,320.0,1.0,0.0,0.0,0.0,0.0,0.0,38.83,False,
2026-12-03 12:17:34.990,3.0,-0.02,-0.01,-1.01,1.09,1.34,-0.85,1.497,26.236,18.6,8.0,8.0,18.0,15.0,44.0,45.0,14.0,12.0,87.0,-97.0,0.0,0.0,0.0,320.0,1.0,0.0,0.0,0.0,0.0,0.0,39.179,False,
2026-12-03 12:17:35.390,3.0,-0.02,-0.01,-1.01,-1.95,-0.36,2.44,0.726,23.236,10.2,8.0,9.0,18.0,15.0,45.0,46.0,13.0,11.0,87.0,-96.0,0.0,0.0,0.0,320.0,1.0,0.0,0.0,0.0,0.0,0.0,39.579,False,
2026-12-03 12:17:36.141,3.0,-0.02,-0.01,-1.01,1.34,1.15,0.61,11.525,22.5,-12.6,8.0,9.0,18.0,15.0,45.0,45.0,13.0,11.0,87.0,-97.0,0.0,0.0,0.0,320.0,1.0,0.0,0.0,0.0,0.0,0.0,40.33,False,
2026-12-03 12:17:36.441,3.0,-0.02,-0.01,-1.01,-2.5,-1.4,-2.74,-12.918,9.164,-20.1,8.0,8.0,18.0,15.0,45.0,45.0,13.0,11.0,87.0,-99.0,0.0,0.0,0.0,320.0,1.0,0.0,0.0,0.0,0.0,0.0,40.63,False,
2026-12-03 12:17:36.892,3.0,-0.02,-0.01,-1.01,0.18,1.52,0.06,16.411,-11.836,-5.1,8.0,9.0,18.0,15.0,44.0,45.0,14.0,12.0,87.0,-97.0,0.0,0.0,0.0,320.0,1.0,0.0,0.0,0.0,0.0,0.0,41.081,False,
2026-12-03 12:17:37.443,3.0,-0.02,-0.01,-1.01,-1.28,-2.74,2.25,-9.392,-14.7,14.1,8.0,9.0,19.0,15.0,45.0,46.0,13.0,11.0,87.0,-98.0,0.0,0.0,0.0,320.0,1.0,0.0,0.0,0.0,0.0,0.0,41.632,False,
2026-12-03 12:17:37.896,3.0,-0.02,-0.01,-1.01,-1.4,2.25,-1.46,-20.766,16.336,14.7,8.0,9.0,19.0,15.0,45.0,45.0,13.0,11.0,87.0,-97.0,0.0,0.0,0.0,320.0,1.0,0.0,0.0,0.0,0.0,0.0,42.085,False,
2026-12-03 12:17:38.444,3.0,-0.02,-0.01,-1.01,0.61,-1.09,-1.4,-11.661,-9.9,-4.8,8.0,9.0,18.0,15.0,45.0,45.0,13.0,12.0,87.0,-98.0,0.0,0.0,0.0,320.0,1.0,0.0,0.0,0.0,0.0,0.0,42.633,False,
2026-12-03 12:17:38.896,3.0,-0.02,-0.01,-1.0,-1.34,0.97,1.09,-22.114,-7.036,-20.1,8.0,9.0,18.0,15.0,45.0,46.0,13.0,11.0,87.0,-97.0,0.0,0.0,0.0,320.0,1.0,0.0,0.0,0.0,0.0,0.0,43.085,False,
2026-12-03 12:17:39.445,3.0,-0.02,-0.01,-1.01,0.24,-1.34,0.18,-28.602,8.864,-13.8,8.0,9.0,19.0,15.0,44.0,45.0,13.0,11.0,87.0,-97.0,0.0,0.0,0.0,320.0,1.0,0.0,0.0,0.0,0.0,0.0,43.634,False,
2026-12-03 12:17:39.898,3.0,-0.02,-0.01,-1.01,-0.97,1.7,-1.03,31.459,10.8,8.1,8.0,9.0,18.0,15.0,46.0,46.0,13.0,11.0,87.0,-98.0,0.0,0.0,0.0,320.0,1.0,0.0,0.0,0.0,0.0,0.0,44.087,False,
2026-12-03 12:17:40.448,3.0,-0.02,-0.01,-1.01,-0.91,-0.24,-0.73,-2.617,18.436,19.2,8.0,8.0,18.0,15.0,45.0,44.0,13.0,12.0,87.0,-98.0,0.0,0.0,0.0,320.0,1.0,0.0,0.0,0.0,0.0,0.0,44.637,False,
2026-12-03 12:17:40.899,3.0,-0.02,-0.01,-1.01,0.42,0.24,0.73,-27.587,-29.1,3.9,8.0,8.0,18.0,15.0,45.0,46.0,13.0,11.0,87.0,-98.0,0.0,0.0,0.0,320.0,1.0,0.0,0.0,0.0,0.0,0.0,45.088,False,
2026-12-03 12:17:41.451,3.0,-0.02,-0.01,-1.01,-0.48,-0.24,0.36,-8.803,-26.836,-15.9,8.0,9.0,18.0,15.0,44.0,45.0,13.0,11.0,87.0,-97.0,0.0,0.0,0.0,320.0,1.0,0.0,0.0,0.0,0.0,0.0,45.64,False,
2026-12-03 12:17:41.901,3.0,-0.02,-0.01,-1.01,0.36,1.22,-1.64,1.36,10.064,-17.7,8.0,9.0,18.0,15.0,46.0,45.0,13.0,11.0,87.0,-96.0,0.0,0.0,0.0,320.0,1.0,0.0,0.0,0.0,0.0,0.0,46.09,False,
2026-12-03 12:17:42.353,3.0,-0.02,0.0,-1.01,0.06,0.06,-0.18,-14.036,-26.536,0.6,8.0,9.0,17.0,15.0,45.0,45.0,13.0,12.0,87.0,-99.0,0.0,0.0,0.0,320.0,1.0,0.0,0.0,0.0,0.0,0.0,46.542,False,
2026-12-03 12:17:42.905,3.0,-0.02,-0.01,-1.01,-1.95,0.67,1.58,3.434,-28.2,16.5,8.0,8.0,19.0,15.0,44.0,45.0,13.0,11.0,87.0,-97.0,0.0,0.0,0.0,320.0,1.0,0.0,0.0,0.0,0.0,0.0,47.094,False,
2026-12-03 12:17:43.354,3.0,-0.02,0.0,-1.01,2.07,1.09,-1.09,26.378,16.036,13.8,7.0,8.0,17.0,14.0,28.0,42.0,13.0,11.0,87.0,-99.0,0.0,0.0,0.0,320.0,1.0,0.0,0.0,0.0,0.0,0.0,47.543,False,
2026-12-03 12:17:43.907,3.0,-0.02,-0.01,-1.01,-3.66,-0.12,-0.79,32.579,3.9,-6.6,8.0,9.0,19.0,16.0,47.0,47.0,13.0,11.0,87.0,-97.0,0.0,0.0,0.0,320.0,1.0,0.0,0.0,0.0,0.0,0.0,48.096,False,
2026-12-03 12:17:44.525,3.0,-0.02,-0.01,-1.01,2.44,0.54,0.36,-18.967,4.064,-19.8,8.0,9.0,18.0,16.0,47.0,46.0,13.0,12.0,87.0,-98.0,0.0,0.0,0.0,320.0,1.0,0.0,0.0,0.0,0.0,0.0,48.714,False,
2026-12-03 12:17:44.914,3.0,-0.02,-0.01,-1.01,-3.17,-1.22,5.67,-13.885,-19.936,-23.4,8.0,9.0,30.0,19.0,44.0,44.0,11.0,10.0,87.0,0.0,0.0,0.0,0.0,320.0,1.0,0.0,0.0,0.0,0.0,0.0,49.103,False,
2026-12-03 12:17:45.362,3.0,-0.02,-0.01,-1.01,1.09,1.09,-11.71,-16.789,-20.536,-21.6,8.0,9.0,28.0,18.0,45.0,46.0,12.0,10.0,87.0,0.0,0.0,0.0,0.0,320.0,1.0,0.0,0.0,0.0,0.0,0.0,49.551,False,
2026-12-03 12:17:46.115,3.0,-0.02,-0.01,-1.01,-1.95,-1.03,-6.53,-16.547,-20.236,-21.9,8.0,9.0,17.0,15.0,47.0,30.0,14.0,12.0,87.0,0.0,0.0,0.0,0.0,320.0,1.0,0.0,0.0,0.0,0.0,0.0,50.304,False,
2026-12-03 12:17:46.414,3.0,-0.02,-0.01,-1.01,-0.12,1.22,3.96,-15.095,-19.036,-21.6,8.0,9.0,17.0,15.0,30.0,30.0,14.0,12.0,87.0,0.0,0.0,0.0,0.0,320.0,1.0,0.0,0.0,0.0,0.0,0.0,50.603,False,
2026-12-03 12:17:46.917,3.0,-0.02,-0.01,-1.01,-0.48,-0.79,4.39,-17.032,-19.936,-21.6,8.0,9.0,19.0,16.0,46.0,46.0,13.0,11.0,87.0,0.0,0.0,0.0,0.0,320.0,1.0,0.0,0.0,0.0,0.0,0.0,51.106,False,
2026-12-03 12:17:47.617,3.0,-0.02,-0.01,-1.01,-0.97,1.77,-2.74,-16.547,-19.936,-21.0,8.0,9.0,26.0,16.0,46.0,47.0,13.0,11.0,87.0,0.0,0.0,0.0,0.0,320.0,1.0,0.0,0.0,0.0,0.0,0.0,51.806,False,
2026-12-03 12:17:47.919,3.0,-0.02,-0.01,-1.01,-0.24,-1.03,-2.56,-16.064,-18.736,-21.6,8.0,9.0,18.0,15.0,47.0,47.0,13.0,12.0,87.0,0.0,0.0,0.0,0.0,320.0,1.0,0.0,0.0,0.0,0.0,0.0,52.108,False,
2026-12-03 12:17:48.418,3.0,-0.02,-0.01,-1.01,-0.67,0.79,2.56,-14.853,-19.936,-21.0,8.0,9.0,18.0,15.0,30.0,47.0,13.0,12.0,87.0,0.0,0.0,0.0,0.0,320.0,1.0,0.0,0.0,0.0,0.0,0.0,52.607,False,
2026-12-03 12:17:49.120,3.0,-0.02,-0.01,-1.01,-0.3,-0.48,1.7,-17.273,-19.636,-21.6,8.0,9.0,19.0,16.0,46.0,46.0,13.0,11.0,87.0,0.0,0.0,0.0,0.0,320.0,1.0,0.0,0.0,0.0,0.0,0.0,53.309,False,
2026-12-03 12:17:49.421,3.0,-0.02,-0.01,-1.01,-0.73,0.67,-2.5,-16.547,-20.536,-21.9,8.0,9.0,19.0,16.0,46.0,47.0,13.0,11.0,87.0,0.0,0.0,0.0,0.0,320.0,1.0,0.0,0.0,0.0,0.0,0.0,53.61,False,
2026-12-03 12:17:49.872,3.0,-0.02,-0.01,-1.01,0.48,-0.67,-0.61,-17.273,-19.636,-21.0,8.0,9.0,18.0,15.0,47.0,47.0,14.0,12.0,87.0,0.0,0.0,0.0,0.0,320.0,1.0,0.0,0.0,0.0,0.0,0.0,54.061,False,
2026-12-03 12:17:50.623,3.0,-0.02,-0.01,-1.01,-1.52,0.3,2.19,-17.273,-19.336,-21.9,8.0,9.0,18.0,15.0,47.0,47.0,13.0,11.0,87.0,0.0,0.0,0.0,0.0,320.0,1.0,0.0,0.0,0.0,0.0,0.0,54.812,False,
2026-12-03 12:17:50.921,3.0,-0.02,-0.01,-1.01,0.24,0.48,-0.42,-16.064,-20.836,-21.6,8.0,9.0,19.0,16.0,46.0,46.0,13.0,11.0,87.0,0.0,0.0,0.0,0.0,320.0,1.0,0.0,0.0,0.0,0.0,0.0,55.11,False,
2026-12-03 12:17:51.372,3.0,-0.02,-0.01,-1.01,-1.83,-0.12,-1.64,-16.547,-19.636,-21.6,8.0,9.0,19.0,16.0,46.0,47.0,13.0,11.0,87.0,0.0,0.0,0.0,0.0,320.0,1.0,0.0,0.0,0.0,0.0,0.0,55.561,False,
2026-12-03 12:17:52.130,3.0,-0.02,-0.01,-1.02,1.64,0.91,0.54,-17.515,-19.636,-21.6,8.0,9.0,19.0,15.0,46.0,47.0,14.0,11.0,87.0,0.0,0.0,0.0,0.0,320.0,1.0,0.0,0.0,0.0,0.0,0.0,56.319,False,
2026-12-03 12:17:52.430,3.0,-0.02,-0.01,-1.01,-3.6,-0.61,1.46,-16.789,-19.636,-22.5,8.0,9.0,19.0,16.0,47.0,47.0,13.0,11.0,87.0,0.0,0.0,0.0,0.0,320.0,1.0,0.0,0.0,0.0,0.0,0.0,56.619,False,
2026-12-03 12:17:52.879,3.0,-0.02,-0.01,-1.01,1.4,1.46,-0.91,-17.273,-19.036,-21.6,8.0,9.0,19.0,16.0,47.0,46.0,13.0,12.0,87.0,0.0,0.0,0.0,0.0,320.0,1.0,0.0,0.0,0.0,0.0,0.0,57.068,False,
2026-12-03 12:17:53.631,3.0,-0.02,-0.01,-1.01,-0.67,-1.22,-0.79,-16.547,-19.936,-21.0,8.0,9.0,19.0,16.0,46.0,46.0,14.0,12.0,87.0,0.0,0.0,0.0,0.0,320.0,1.0,0.0,0.0,0.0,0.0,0.0,57.82,False,
2026-12-03 12:17:53.930,3.0,-0.02,-0.01,-1.01,-1.89,2.07,1.09,-17.273,-19.636,-21.9,8.0,9.0,19.0,16.0,46.0,47.0,13.0,11.0,87.0,0.0,0.0,0.0,0.0,320.0,1.0,0.0,0.0,0.0,0.0,0.0,58.119,False,
2026-12-03 12:17:54.381,3.0,-0.02,-0.01,-1.01,0.79,-1.58,0.24,-16.789,-19.936,-21.3,8.0,9.0,19.0,16.0,47.0,47.0,13.0,11.0,87.0,0.0,0.0,0.0,0.0,320.0,1.0,0.0,0.0,0.0,0.0,0.0,58.57,False,
2026-12-03 12:17:55.132,3.0,-0.02,-0.01,-1.01,-1.4,1.95,-0.91,-15.095,-19.636,-21.6,8.0,9.0,18.0,16.0,47.0,46.0,13.0,12.0,87.0,0.0,0.0,0.0,0.0,320.0,1.0,0.0,0.0,0.0,0.0,0.0,59.321,False,
2026-12-03 12:17:55.433,3.0,-0.02,-0.01,-1.01,-1.52,-1.15,0.06,-16.306,-19.636,-21.3,8.0,9.0,19.0,16.0,46.0,46.0,13.0,12.0,87.0,0.0,0.0,0.0,0.0,320.0,1.0,0.0,0.0,0.0,0.0,0.0,59.622,False,
2026-12-03 12:17:55.884,3.0,-0.02,-0.01,-1.01,1.46,1.28,0.79,-17.515,-19.636,-21.9,8.0,9.0,19.0,16.0,46.0,47.0,13.0,11.0,87.0,0.0,0.0,0.0,0.0,320.0,1.0,0.0,0.0,0.0,0.0,0.0,60.073,False,
2026-12-03 12:17:56.636,3.0,-0.02,-0.01,-1.01,-2.38,-0.85,-0.3,-17.515,-20.536,-21.6,8.0,9.0,19.0,16.0,47.0,47.0,13.0,11.0,87.0,0.0,0.0,0.0,0.0,320.0,1.0,0.0,0.0,0.0,0.0,0.0,60.825,False,
2026-12-03 12:17:56.935,3.0,-0.02,-0.01,-1.01,0.48,0.97,-0.61,-16.547,-19.936,-21.3,8.0,9.0,18.0,16.0,47.0,47.0,13.0,12.0,87.0,0.0,0.0,0.0,0.0,320.0,1.0,0.0,0.0,0.0,0.0,0.0,61.124,False,
2026-12-03 12:17:57.388,3.0,-0.02,-0.01,-1.01,-1.22,-0.79,-35.46,9.392,-27.736,-3.6,8.0,9.0,14.0,13.0,31.0,31.0,10.0,14.0,87.0,-218.0,0.0,0.0,0.0,320.0,1.0,0.0,0.0,0.0,0.0,0.0,61.577,False,
2026-12-03 12:17:58.141,3.0,-0.03,-0.01,-1.01,-1.34,0.42,-5.49,-10.844,21.436,15.6,7.0,8.0,14.0,10.0,34.0,35.0,14.0,11.0,0.0,-198.0,0.0,0.0,0.0,320.0,1.0,0.0,0.0,0.0,0.0,0.0,62.33,False,
2026-12-03 12:17:58.490,3.0,-0.02,-0.01,-1.01,0.36,0.3,17.15,-18.0,3.164,-18.6,8.0,9.0,10.0,11.0,33.0,34.0,12.0,15.0,0.0,-197.0,0.0,0.0,0.0,320.0,1.0,0.0,0.0,0.0,0.0,0.0,62.679,False,
2026-12-03 12:17:58.887,3.0,-0.02,-0.01,-1.01,-0.73,-0.12,16.23,7.259,3.9,6.0,8.0,9.0,16.0,15.0,30.0,30.0,14.0,12.0,87.0,-196.0,0.0,0.0,0.0,320.0,1.0,0.0,0.0,0.0,0.0,0.0,63.076,False,
2026-12-03 12:17:59.641,3.0,-0.02,-0.01,-1.01,-0.48,0.79,2.62,1.694,-27.3,6.6,8.0,9.0,26.0,17.0,46.0,45.0,12.0,11.0,87.0,-193.0,0.0,0.0,0.0,320.0,1.0,0.0,0.0,0.0,0.0,0.0,63.83,False,
2026-12-03 12:17:59.939,3.0,-0.02,0.0,-1.01,-0.73,-0.61,-9.76,-15.579,9.464,-19.8,8.0,9.0,19.0,16.0,46.0,46.0,13.0,11.0,87.0,-197.0,0.0,0.0,0.0,320.0,1.0,0.0,0.0,0.0,0.0,0.0,64.128,False,
2026-12-03 12:18:00.390,3.0,-0.02,-0.01,-1.01,-0.54,1.09,-4.02,-10.603,-30.0,15.6,8.0,9.0,16.0,14.0,30.0,30.0,15.0,12.0,87.0,-197.0,0.0,0.0,0.0,320.0,1.0,0.0,0.0,0.0,0.0,0.0,64.579,False,
2026-12-03 12:18:01.143,3.0,-0.02,-0.01,-1.01,-0.24,-1.4,4.08,-1.981,6.6,-5.4,8.0,9.0,16.0,14.0,30.0,30.0,14.0,12.0,87.0,-197.0,0.0,0.0,0.0,320.0,1.0,0.0,0.0,0.0,0.0,0.0,65.332,False,
2026-12-03 12:18:01.441,3.0,-0.02,-0.01,-1.01,-1.4,1.64,1.15,22.415,-0.136,-12.9,8.0,9.0,17.0,15.0,47.0,47.0,14.0,12.0,87.0,-195.0,0.0,0.0,0.0,320.0,1.0,0.0,0.0,0.0,0.0,0.0,65.63,False,
2026-12-03 12:18:01.896,3.0,-0.02,-0.01,-1.01,1.03,-2.07,-3.47,1.981,17.236,18.9,8.0,9.0,18.0,15.0,47.0,47.0,14.0,12.0,87.0,-197.0,0.0,0.0,0.0,320.0,1.0,0.0,0.0,0.0,0.0,0.0,66.085,False,
2026-12-03 12:18:02.944,3.0,-0.02,-0.01,-1.01,-0.12,-1.4,2.86,21.009,32.7,-1.5,8.0,9.0,17.0,14.0,30.0,30.0,14.0,12.0,87.0,-194.0,0.0,0.0,0.0,320.0,1.0,0.0,0.0,0.0,0.0,0.0,67.133,False,
2026-12-03 12:18:03.396,3.0,-0.02,-0.01,-1.01,-0.18,1.83,-0.36,-25.364,20.236,14.1,8.0,9.0,17.0,15.0,30.0,47.0,14.0,12.0,87.0,-194.0,0.0,0.0,0.0,320.0,1.0,0.0,0.0,0.0,0.0,0.0,67.585,False,
2026-12-03 12:18:04.147,3.0,-0.02,-0.01,-1.01,-0.06,-0.85,-2.92,-19.209,3.764,-19.5,8.0,9.0,17.0,15.0,47.0,47.0,14.0,12.0,87.0,-200.0,0.0,0.0,0.0,320.0,1.0,0.0,0.0,0.0,0.0,0.0,68.336,False,
2026-12-03 12:18:04.447,3.0,-0.02,-0.01,-1.01,-1.52,1.03,0.97,16.214,-3.6,8.4,8.0,9.0,17.0,14.0,47.0,30.0,14.0,12.0,87.0,-196.0,0.0,0.0,0.0,320.0,1.0,0.0,0.0,0.0,0.0,0.0,68.636,False,
2026-12-03 12:18:04.901,3.0,-0.02,-0.01,-1.01,0.24,-1.4,1.34,0.0,-25.2,6.3,8.0,9.0,17.0,15.0,30.0,30.0,14.0,12.0,87.0,-196.0,0.0,0.0,0.0,320.0,1.0,0.0,0.0,0.0,0.0,0.0,69.09,False,
2026-12-03 12:18:05.450,3.0,-0.02,-0.01,-1.01,-2.56,0.18,-1.64,-15.338,11.564,-19.5,8.0,9.0,17.0,15.0,30.0,47.0,14.0,12.0,87.0,-197.0,0.0,0.0,0.0,320.0,1.0,0.0,0.0,0.0,0.0,0.0,69.639,False,
2026-12-03 12:18:05.903,3.0,-0.02,-0.01,-1.01,1.52,0.06,-0.61,-15.443,-25.5,15.6,8.0,9.0,17.0,15.0,30.0,47.0,14.0,12.0,87.0,-197.0,0.0,0.0,0.0,320.0,1.0,0.0,0.0,0.0,0.0,0.0,70.092,False,
2026-12-03 12:18:06.579,3.0,-0.02,-0.01,-1.01,-2.19,-0.06,1.89,7.215,2.4,-5.4,8.0,9.0,17.0,15.0,47.0,30.0,14.0,12.0,87.0,-195.0,0.0,0.0,0.0,320.0,1.0,0.0,0.0,0.0,0.0,0.0,70.768,False,
2026-12-03 12:18:06.954,3.0,-0.02,-0.01,-1.01,1.83,0.79,37.96,-4.689,6.9,-12.9,8.0,9.0,28.0,18.0,45.0,45.0,12.0,10.0,87.0,26.0,0.0,0.0,0.0,320.0,1.0,0.0,0.0,0.0,0.0,0.0,71.143,False,
2026-12-03 12:18:07.602,3.0,-0.02,-0.01,-1.01,-1.34,-0.79,-3.35,-18.483,23.4,-17.1,9.0,10.0,23.0,30.0,42.0,42.0,9.0,8.0,87.0,1.0,0.0,0.0,0.0,320.0,1.0,0.0,0.0,0.0,0.0,0.0,71.791,False,
2026-12-03 12:18:08.105,3.0,-0.02,-0.01,-1.01,-0.91,0.54,-22.94,-18.0,26.4,-17.4,8.0,9.0,28.0,18.0,45.0,44.0,12.0,10.0,87.0,0.0,0.0,0.0,0.0,320.0,1.0,0.0,0.0,0.0,0.0,0.0,72.294,False,
2026-12-03 12:18:08.455,3.0,-0.02,-0.01,-1.01,-0.67,-1.22,-14.89,-17.273,29.1,-17.1,8.0,9.0,15.0,13.0,31.0,31.0,10.0,13.0,87.0,0.0,0.0,0.0,0.0,320.0,1.0,0.0,0.0,0.0,0.0,0.0,72.644,False,
2026-12-03 12:18:09.103,3.0,-0.02,-0.01,-1.01,-1.58,1.15,2.13,-18.241,29.7,-17.1,8.0,9.0,12.0,12.0,32.0,33.0,11.0,14.0,87.0,0.0,0.0,0.0,0.0,320.0,1.0,0.0,0.0,0.0,0.0,0.0,73.292,False,
2026-12-03 12:18:09.606,3.0,-0.03,-0.01,-1.01,0.61,-0.91,9.76,-17.032,28.8,-16.5,8.0,9.0,15.0,13.0,31.0,31.0,15.0,13.0,87.0,0.0,0.0,0.0,0.0,320.0,1.0,0.0,0.0,0.0,0.0,0.0,73.795,False,
2026-12-03 12:18:09.909,3.0,-0.02,-0.01,-1.01,-1.4,0.18,5.12,-18.241,27.6,-16.8,8.0,9.0,17.0,15.0,47.0,47.0,14.0,12.0,87.0,0.0,0.0,0.0,0.0,320.0,1.0,0.0,0.0,0.0,0.0,0.0,74.098,False,
2026-12-03 12:18:10.406,3.0,-0.02,-0.01,-1.01,-1.09,-0.54,-2.74,-18.483,27.0,-16.5,8.0,9.0,18.0,15.0,46.0,47.0,14.0,12.0,87.0,0.0,0.0,0.0,0.0,320.0,1.0,0.0,0.0,0.0,0.0,0.0,74.595,False,
2026-12-03 12:18:10.958,3.0,-0.02,-0.01,-1.01,0.18,1.09,-3.35,-18.241,27.3,-17.1,8.0,9.0,17.0,14.0,47.0,30.0,14.0,12.0,87.0,0.0,0.0,0.0,0.0,320.0,1.0,0.0,0.0,0.0,0.0,0.0,75.147,False,
2026-12-03 12:18:11.360,3.0,-0.02,-0.01,-1.01,-1.34,-1.28,1.89,-17.032,28.8,-16.8,8.0,9.0,16.0,14.0,30.0,30.0,14.0,12.0,87.0,0.0,0.0,0.0,0.0,320.0,1.0,0.0,0.0,0.0,0.0,0.0,75.549,False,
2026-12-03 12:18:12.111,3.0,-0.02,-0.01,-1.01,1.77,0.73,1.77,-18.241,27.9,-17.1,8.0,9.0,17.0,15.0,47.0,47.0,14.0,12.0,87.0,0.0,0.0,0.0,0.0,320.0,1.0,0.0,0.0,0.0,0.0,0.0,76.3,False,
2026-12-03 12:18:12.461,3.0,-0.02,-0.01,-1.01,-5.85,-0.97,-1.58,-17.032,27.6,-17.1,8.0,9.0,18.0,15.0,47.0,47.0,14.0,12.0,87.0,0.0,0.0,0.0,0.0,320.0,1.0,0.0,0.0,0.0,0.0,0.0,76.65,False,
2026-12-03 12:18:12.860,3.0,-0.02,-0.01,-1.01,3.66,0.0,-1.28,-18.726,27.9,-17.7,8.0,9.0,17.0,14.0,30.0,30.0,14.0,12.0,87.0,0.0,0.0,0.0,0.0,320.0,1.0,0.0,0.0,0.0,0.0,0.0,77.049,False,
2026-12-03 12:18:13.612,3.0,-0.02,-0.01,-1.01,-3.84,-0.24,1.83,-18.726,28.2,-16.5,8.0,9.0,17.0,15.0,30.0,30.0,14.0,12.0,87.0,0.0,0.0,0.0,0.0,320.0,1.0,0.0,0.0,0.0,0.0,0.0,77.801,False,
2026-12-03 12:18:13.913,3.0,-0.02,-0.01,-1.01,2.19,0.36,0.24,-18.241,27.3,-16.5,8.0,9.0,17.0,15.0,47.0,47.0,14.0,12.0,87.0,0.0,0.0,0.0,0.0,320.0,1.0,0.0,0.0,0.0,0.0,0.0,78.102,False,
2026-12-03 12:18:14.462,3.0,-0.02,-0.01,-1.01,-3.66,0.12,-1.22,-19.209,28.5,-16.8,8.0,9.0,17.0,15.0,47.0,30.0,14.0,12.0,87.0,0.0,0.0,0.0,0.0,320.0,1.0,0.0,0.0,0.0,0.0,0.0,78.651,False,
2026-12-03 12:18:14.914,3.0,-0.02,-0.01,-1.01,4.21,1.46,100.64,-10.844,-6.136,-9.9,8.0,9.0,30.0,26.0,43.0,44.0,11.0,9.0,87.0,204.0,0.0,0.0,0.0,320.0,1.0,0.0,0.0,0.0,0.0,0.0,79.103,False,
2026-12-03 12:18:15.415,3.0,-0.02,-0.01,-1.01,-0.91,0.67,69.15,-20.857,-22.636,13.8,11.0,14.0,35.0,35.0,17.0,16.0,7.0,7.0,86.0,962.0,0.0,0.0,0.0,320.0,1.0,0.0,0.0,0.0,0.0,0.0,79.604,False,
2026-12-03 12:18:16.117,3.0,-0.02,-0.01,-1.01,-1.95,-0.67,-70.8,4.99,16.8,12.0,11.0,14.0,36.0,37.0,18.0,17.0,7.0,7.0,86.0,975.0,0.0,0.0,0.0,320.0,1.0,0.0,0.0,0.0,0.0,0.0,80.306,False,
2026-12-03 12:18:16.419,3.0,-0.02,-0.01,-1.01,-1.52,-0.24,-90.2,-9.771,-9.0,4.5,9.0,10.0,25.0,20.0,28.0,29.0,9.0,8.0,87.0,979.0,0.0,0.0,0.0,320.0,1.0,0.0,0.0,0.0,0.0,0.0,80.608,False,
2026-12-03 12:18:16.868,3.0,-0.02,0.0,-1.01,-2.5,-0.42,-40.1,25.803,-27.9,-3.9,7.0,8.0,12.0,14.0,36.0,38.0,16.0,13.0,0.0,975.0,0.0,0.0,0.0,320.0,1.0,0.0,0.0,0.0,0.0,0.0,81.057,False,
2026-12-03 12:18:17.620,3.0,-0.02,0.0,-1.01,1.46,0.91,35.15,17.62,26.536,-13.2,7.0,8.0,11.0,14.0,37.0,37.0,16.0,14.0,0.0,972.0,0.0,0.0,0.0,320.0,1.0,0.0,0.0,0.0,0.0,0.0,81.809,False,
2026-12-03 12:18:17.968,3.0,-0.03,0.0,-1.01,-0.73,0.06,51.26,6.776,30.136,-18.3,8.0,9.0,19.0,16.0,46.0,46.0,13.0,11.0,87.0,969.0,0.0,0.0,0.0,320.0,1.0,0.0,0.0,0.0,0.0,0.0,82.157,False,
2026-12-03 12:18:18.418,3.0,-0.03,-0.01,-1.01,0.73,1.4,34.05,-18.105,-13.2,-17.4,9.0,10.0,42.0,26.0,26.0,26.0,7.0,6.0,86.0,971.0,0.0,0.0,0.0,320.0,1.0,0.0,0.0,0.0,0.0,0.0,82.607,False,
2026-12-03 12:18:19.121,3.0,-0.03,-0.01,-1.01,-0.91,-1.15,-7.56,-7.698,15.9,-11.1,9.0,10.0,46.0,43.0,24.0,24.0,6.0,5.0,86.0,973.0,0.0,0.0,0.0,320.0,1.0,0.0,0.0,0.0,0.0,0.0,83.31,False,
2026-12-03 12:18:19.418,3.0,-0.03,-0.01,-1.01,-1.34,0.73,-23.98,-25.122,-19.636,-3.3,9.0,10.0,26.0,22.0,28.0,27.0,8.0,7.0,87.0,972.0,0.0,0.0,0.0,320.0,1.0,0.0,0.0,0.0,0.0,0.0,83.607,False,
2026-12-03 12:18:19.871,3.0,-0.02,-0.01,-1.01,-0.79,-1.22,-16.96,-2.42,1.364,6.0,8.0,9.0,29.0,19.0,44.0,44.0,11.0,10.0,87.0,974.0,0.0,0.0,0.0,320.0,1.0,0.0,0.0,0.0,0.0,0.0,84.06,False,
2026-12-03 12:18:20.625,3.0,-0.02,-0.01,-1.01,-0.48,0.73,-0.54,8.425,3.464,13.8,8.0,9.0,19.0,16.0,46.0,47.0,13.0,11.0,87.0,972.0,0.0,0.0,0.0,320.0,1.0,0.0,0.0,0.0,0.0,0.0,84.814,False,
2026-12-03 12:18:20.922,3.0,-0.02,-0.01,-1.01,0.12,-0.73,13.97,-7.836,22.5,12.6,8.0,9.0,28.0,18.0,45.0,45.0,12.0,10.0,87.0,30000.0,0.0,0.0,0.0,320.0,1.0,0.0,0.0,0.0,0.0,0.0,85.111,False,
2026-12-03 12:18:21.375,3.0,-0.02,0.0,-1.01,-0.42,0.85,10.92,26.286,28.936,-5.4,8.0,8.0,29.0,19.0,27.0,27.0,10.0,8.0,87.0,3000000.0,0.0,0.0,0.0,320.0,1.0,0.0,0.0,0.0,0.0,0.0,85.564,False,
2026-12-03 12:18:22.126,3.0,-0.03,0.0,-1.01,-1.15,-0.54,3.41,2.904,25.036,-18.9,7.0,8.0,31.0,26.0,26.0,26.0,9.0,8.0,87.0,988.0,0.0,0.0,0.0,320.0,1.0,0.0,0.0,0.0,0.0,0.0,86.315,False,
2026-12-03 12:18:22.424,3.0,-0.03,-0.01,-1.01,-0.36,0.0,-0.3,-8.182,13.2,-12.6,8.0,9.0,31.0,26.0,28.0,29.0,10.0,8.0,87.0,30000.0,0.0,0.0,0.0,320.0,1.0,0.0,0.0,0.0,0.0,0.0,86.613,False,
2026-12-03 12:18:22.876,3.0,-0.03,-0.01,-1.01,-1.03,-0.24,0.54,-18.83,-22.936,-4.8,8.0,8.0,29.0,18.0,29.0,29.0,10.0,9.0,87.0,977.0,0.0,0.0,0.0,320.0,1.0,0.0,0.0,0.0,0.0,0.0,87.065,False,
2026-12-03 12:18:23.625,3.0,-0.03,-0.01,-1.01,0.3,0.12,4.69,12.342,-3.136,4.2,8.0,8.0,29.0,19.0,29.0,29.0,10.0,9.0,87.0,972.0,0.0,0.0,0.0,320.0,1.0,0.0,0.0,0.0,0.0,0.0,87.814,False,
2026-12-03 12:18:23.926,3.0,-0.02,-0.01,-1.01,-0.97,0.48,5.0,-30.78,-7.636,15.6,8.0,8.0,31.0,26.0,28.0,28.0,10.0,8.0,87.0,988.0,0.0,0.0,0.0,320.0,1.0,0.0,0.0,0.0,0.0,0.0,88.115,False,
2026-12-03 12:18:24.379,3.0,-0.02,-0.01,-1.01,-0.06,-0.36,-2.38,-1.786,27.0,13.5,7.0,8.0,30.0,19.0,28.0,29.0,10.0,8.0,87.0,978.0,0.0,0.0,0.0,320.0,1.0,0.0,0.0,0.0,0.0,0.0,88.568,False,
2026-12-03 12:18:25.130,3.0,-0.02,0.0,-1.01,-1.03,0.85,1.4,-7.594,-9.3,4.8,7.0,8.0,29.0,18.0,29.0,29.0,10.0,9.0,87.0,982.0,0.0,0.0,0.0,320.0,1.0,0.0,0.0,0.0,0.0,0.0,89.319,False,
2026-12-03 12:18:25.479,3.0,-0.02,0.0,-1.01,0.24,-0.67,6.59,5.521,17.836,-12.3,8.0,8.0,30.0,26.0,29.0,28.0,10.0,8.0,87.0,990.0,0.0,0.0,0.0,320.0,1.0,0.0,0.0,0.0,0.0,0.0,89.668,False,
2026-12-03 12:18:25.927,3.0,-0.03,0.0,-1.01,-0.91,1.22,-0.48,-7.501,24.736,-18.0,8.0,9.0,31.0,26.0,28.0,28.0,10.0,9.0,87.0,968.0,0.0,0.0,0.0,320.0,1.0,0.0,0.0,0.0,0.0,0.0,90.116,False,
2026-12-03 12:18:26.629,3.0,-0.03,-0.01,-1.01,-0.97,-0.79,1.4,-27.543,-17.1,-18.0,8.0,9.0,30.0,19.0,28.0,29.0,10.0,9.0,87.0,969.0,0.0,0.0,0.0,320.0,1.0,0.0,0.0,0.0,0.0,0.0,90.818,False,
2026-12-03 12:18:26.932,3.0,-0.03,-0.01,-1.01,-0.61,1.46,3.41,-8.909,11.4,-13.2,8.0,9.0,30.0,19.0,29.0,29.0,10.0,9.0,87.0,974.0,0.0,0.0,0.0,320.0,1.0,0.0,0.0,0.0,0.0,0.0,91.121,False,
2026-12-03 12:18:27.381,3.0,-0.03,-0.01,-1.01,3.9,-0.79,2.74,-11.328,28.2,-9.6,8.0,8.0,30.0,19.0,28.0,28.0,10.0,9.0,87.0,974.0,0.0,0.0,0.0,320.0,1.0,0.0,0.0,0.0,0.0,0.0,91.57,False,
2026-12-03 12:18:28.133,3.0,-0.03,-0.01,-1.01,-5.37,-0.12,0.85,-32.383,-12.136,-1.2,8.0,8.0,31.0,26.0,28.0,28.0,10.0,9.0,87.0,991.0,0.0,0.0,0.0,320.0,1.0,0.0,0.0,0.0,0.0,0.0,92.322,False,
2026-12-03 12:18:28.440,3.0,-0.03,-0.01,-1.01,2.99,-0.12,-2.62,-1.014,-0.736,14.4,8.0,8.0,31.0,19.0,28.0,29.0,10.0,9.0,87.0,973.0,0.0,0.0,0.0,320.0,1.0,0.0,0.0,0.0,0.0,0.0,92.629,False,
2026-12-03 12:18:28.884,3.0,-0.02,-0.01,-1.01,-3.29,-0.42,1.58,14.67,-22.336,14.7,8.0,9.0,30.0,19.0,29.0,42.0,10.0,9.0,87.0,3000000000.0,0.0,0.0,0.0,320.0,1.0,0.0,0.0,0.0,0.0,0.0,93.073,True,W1_wheel_overspeed
2026-12-03 12:18:29.635,3.0,-0.02,0.0,-1.01,2.13,0.91,1.09,-3.237,-18.0,2.4,8.0,9.0,30.0,26.0,29.0,29.0,10.0,9.0,87.0,2947368452.631579,0.0,0.0,0.0,320.0,1.0,0.0,0.0,0.0,0.0,0.0,93.824,True,W1_wheel_overspeed
2026-12-03 12:18:29.937,3.0,-0.02,0.0,-1.01,-1.95,-0.24,0.73,-30.78,24.736,-8.4,8.0,8.0,30.0,26.0,28.0,28.0,10.0,9.0,87.0,2894736905.263158,0.0,0.0,0.0,320.0,1.0,0.0,0.0,0.0,0.0,0.0,94.126,True,W1_wheel_overspeed
2026-12-03 12:18:30.387,3.0,-0.02,0.0,-1.01,0.36,1.52,2.31,21.493,19.336,-15.3,7.0,9.0,30.0,19.0,28.0,29.0,10.0,9.0,87.0,2842105357.894737,0.0,0.0,0.0,320.0,1.0,0.0,0.0,0.0,0.0,0.0,94.576,True,W1_wheel_overspeed
2026-12-03 12:18:30.988,3.0,-0.03,0.0,-1.01,-0.85,-1.09,2.74,13.309,30.436,-18.9,8.0,9.0,30.0,19.0,28.0,29.0,10.0,8.0,87.0,2789473810.5263157,0.0,0.0,0.0,320.0,1.0,0.0,0.0,0.0,0.0,0.0,95.177,True,W1_wheel_overspeed
2026-12-03 12:18:32.140,3.0,-0.02,-0.01,-1.01,-1.83,-0.36,14.64,-1.164,-25.336,8.1,8.0,8.0,7.0,8.0,30.0,26.0,44.0,26.0,0.0,2736842263.1578946,0.0,0.0,0.0,320.0,1.0,0.0,0.0,0.0,0.0,0.0,96.329,True,W1_wheel_overspeed
2026-12-03 12:18:32.443,3.0,-0.02,-0.01,-1.01,2.8,1.22,88.43,-13.99,32.7,5.4,5.0,5.0,9.0,9.0,45.0,30.0,22.0,29.0,0.0,2684210715.7894735,0.0,0.0,0.0,320.0,1.0,0.0,0.0,0.0,0.0,0.0,96.632,True,W1_wheel_overspeed
2026-12-03 12:18:32.895,3.0,-0.02,-0.01,-1.01,0.48,0.48,76.78,-21.493,21.3,4.8,5.0,5.0,13.0,12.0,43.0,43.0,15.0,12.0,87.0,2631579168.4210525,0.0,0.0,0.0,320.0,1.0,0.0,0.0,0.0,0.0,0.0,97.084,True,W1_wheel_overspeed
2026-12-03 12:18:33.649,3.0,-0.02,-0.01,-1.01,0.61,-0.06,5.0,-21.251,15.3,3.9,6.0,6.0,23.0,30.0,25.0,25.0,4.0,6.0,87.0,2578947621.0526314,0.0,0.0,0.0,320.0,1.0,0.0,0.0,0.0,0.0,0.0,97.838,True,W1_wheel_overspeed
2026-12-03 12:18:33.947,3.0,-0.02,-0.01,-1.01,-1.4,-2.38,-9.94,-21.735,16.5,4.2,5.0,5.0,21.0,28.0,26.0,27.0,3.0,8.0,87.0,2526316073.684211,0.0,0.0,0.0,320.0,1.0,0.0,0.0,0.0,0.0,0.0,98.136,True,W1_wheel_overspeed
2026-12-03 12:18:34.398,3.0,-0.02,-0.01,-1.01,0.06,0.42,-7.2,-23.187,18.6,3.3,4.0,5.0,30.0,18.0,26.0,27.0,9.0,8.0,87.0,2473684526.3157897,0.0,0.0,0.0,320.0,1.0,0.0,0.0,0.0,0.0,0.0,98.587,True,W1_wheel_overspeed
2026-12-03 12:18:35.147,3.0,-0.02,-0.01,-1.01,-3.41,-0.91,-20.2,-22.46,20.7,5.1,4.0,4.0,18.0,14.0,42.0,42.0,13.0,11.0,87.0,2421052978.9473686,0.0,0.0,0.0,320.0,1.0,0.0,0.0,0.0,0.0,0.0,99.336,True,W1_wheel_overspeed
2026-12-03 12:18:35.500,3.0,-0.02,-0.01,-1.01,2.56,-0.12,-8.3,-22.218,22.8,5.1,4.0,4.0,11.0,11.0,45.0,44.0,10.0,14.0,87.0,2368421431.5789475,0.0,0.0,0.0,320.0,1.0,0.0,0.0,0.0,0.0,0.0,99.689,True,W1_wheel_overspeed
2026-12-03 12:18:35.900,3.0,-0.02,-0.01,-1.01,-3.96,1.09,-4.02,-21.976,24.6,5.4,5.0,6.0,10.0,11.0,44.0,44.0,11.0,15.0,87.0,2315789884.2105265,0.0,0.0,0.0,320.0,1.0,0.0,0.0,0.0,0.0,0.0,100.089,True,W1_wheel_overspeed
2026-12-03 12:18:36.450,3.0,-0.02,-0.01,-1.01,3.47,-1.03,0.48,-22.218,24.6,4.5,6.0,7.0,15.0,10.0,45.0,46.0,11.0,15.0,0.0,2263158336.8421054,0.0,0.0,0.0,320.0,1.0,0.0,0.0,0.0,0.0,0.0,100.639,True,W1_wheel_overspeed
2026-12-03 12:18:36.903,3.0,-0.03,-0.01,-1.01,-0.48,0.85,1.95,-22.218,24.3,5.4,7.0,8.0,15.0,15.0,45.0,45.0,11.0,15.0,0.0,2210526789.4736843,0.0,0.0,0.0,320.0,1.0,0.0,0.0,0.0,0.0,0.0,101.092,True,W1_wheel_overspeed
2026-12-03 12:18:37.451,3.0,-0.03,-0.01,-1.01,-0.12,0.24,-1.15,-22.703,23.7,5.1,7.0,8.0,15.0,10.0,46.0,45.0,11.0,15.0,0.0,2157895242.105263,0.0,0.0,0.0,320.0,1.0,0.0,0.0,0.0,0.0,0.0,101.64,True,W1_wheel_overspeed
2026-12-03 12:18:37.955,3.0,-0.02,-0.01,-1.01,-3.41,1.15,-1.34,-21.976,24.3,5.1,7.0,7.0,15.0,15.0,45.0,45.0,12.0,15.0,0.0,2105263694.7368422,0.0,0.0,0.0,320.0,1.0,0.0,0.0,0.0,0.0,0.0,102.144,True,W1_wheel_overspeed
2026-12-03 12:18:38.456,3.0,-0.02,-0.01,-1.02,5.0,-1.4,0.18,-21.976,24.3,6.0,7.0,8.0,15.0,15.0,45.0,46.0,12.0,15.0,0.0,2052632147.368421,0.0,0.0,0.0,320.0,1.0,0.0,0.0,0.0,0.0,0.0,102.645,True,W1_wheel_overspeed
2026-12-03 12:18:38.960,3.0,-0.02,-0.01,-1.01,-4.82,1.89,0.91,-21.735,24.0,5.4,7.0,8.0,14.0,15.0,45.0,45.0,11.0,15.0,0.0,2000000600.0,0.0,0.0,0.0,320.0,1.0,0.0,0.0,0.0,0.0,0.0,103.149,True,W1_wheel_overspeed
2026-12-03 12:18:39.357,3.0,-0.02,-0.01,-1.01,1.46,-1.89,-0.79,-21.493,24.3,5.1,7.0,7.0,15.0,15.0,45.0,44.0,11.0,15.0,0.0,1947369052.631579,0.0,0.0,0.0,320.0,1.0,0.0,0.0,0.0,0.0,0.0,103.546,True,W1_wheel_overspeed
2026-12-03 12:18:39.911,3.0,-0.02,-0.01,-1.01,-0.36,1.28,-0.61,-21.251,24.6,5.4,7.0,8.0,14.0,15.0,45.0,45.0,12.0,15.0,0.0,1894737505.2631578,0.0,0.0,0.0,320.0,1.0,0.0,0.0,0.0,0.0,0.0,104.1,True,W1_wheel_overspeed
2026-12-03 12:18:40.408,3.0,-0.03,-0.01,-1.01,-1.58,-1.28,0.73,-21.735,24.9,5.7,7.0,8.0,14.0,15.0,45.0,46.0,12.0,15.0,0.0,1842105957.894737,0.0,0.0,0.0,320.0,1.0,0.0,0.0,0.0,0.0,0.0,104.597,True,W1_wheel_overspeed
2026-12-03 12:18:40.958,3.0,-0.02,-0.01,-1.01,-0.3,1.15,0.06,-21.251,24.6,4.8,7.0,8.0,14.0,15.0,46.0,45.0,11.0,15.0,0.0,1789474410.526316,0.0,0.0,0.0,320.0,1.0,0.0,0.0,0.0,0.0,0.0,105.147,True,W1_wheel_overspeed
2026-12-03 12:18:41.409,3.0,-0.03,-0.01,-1.01,-1.28,-0.67,-0.54,-21.976,23.7,5.1,7.0,8.0,14.0,15.0,45.0,44.0,11.0,15.0,0.0,1736842863.1578948,0.0,0.0,0.0,320.0,1.0,0.0,0.0,0.0,0.0,0.0,105.598,True,W1_wheel_overspeed
2026-12-03 12:18:41.910,3.0,-0.02,-0.01,-1.01,0.0,0.36,-0.06,-21.976,24.0,5.1,7.0,8.0,14.0,15.0,45.0,45.0,12.0,15.0,0.0,1684211315.7894738,0.0,0.0,0.0,320.0,1.0,0.0,0.0,0.0,0.0,0.0,106.099,True,W1_wheel_overspeed
2026-12-03 12:18:42.359,3.0,-0.02,-0.01,-1.01,-0.73,-0.54,0.54,-22.218,24.9,5.7,7.0,8.0,14.0,15.0,45.0,46.0,12.0,15.0,0.0,1631579768.4210527,0.0,0.0,0.0,320.0,1.0,0.0,0.0,0.0,0.0,0.0,106.548,True,W1_wheel_overspeed
2026-12-03 12:18:42.910,3.0,-0.02,-0.01,-1.01,-0.85,0.42,-0.18,-21.976,24.3,4.5,7.0,8.0,14.0,15.0,46.0,45.0,11.0,15.0,0.0,1578948221.0526316,0.0,0.0,0.0,320.0,1.0,0.0,0.0,0.0,0.0,0.0,107.099,True,W1_wheel_overspeed
2026-12-03 12:18:43.410,3.0,-0.02,-0.01,-1.01,0.24,0.06,-0.42,-22.218,23.7,4.8,7.0,8.0,14.0,15.0,45.0,44.0,12.0,15.0,0.0,1526316673.6842105,0.0,0.0,0.0,320.0,1.0,0.0,0.0,0.0,0.0,0.0,107.599,True,W1_wheel_overspeed
2026-12-03 12:18:43.918,3.0,-0.02,-0.01,-1.01,-1.15,-0.18,0.0,-21.735,24.3,5.1,7.0,8.0,14.0,15.0,45.0,46.0,12.0,15.0,0.0,1473685126.3157895,0.0,0.0,0.0,320.0,1.0,0.0,0.0,0.0,0.0,0.0,108.107,True,W1_wheel_overspeed
2026-12-03 12:18:44.367,3.0,-0.02,-0.01,-1.01,-0.54,0.67,0.24,-22.218,24.3,5.1,7.0,8.0,14.0,15.0,45.0,45.0,11.0,15.0,0.0,1421053578.9473686,0.0,0.0,0.0,320.0,1.0,0.0,0.0,0.0,0.0,0.0,108.556,True,W1_wheel_overspeed
2026-12-03 12:18:45.117,3.0,-0.03,-0.01,-1.01,0.0,-0.73,-0.36,-21.493,23.7,5.4,8.0,8.0,14.0,15.0,46.0,45.0,11.0,15.0,0.0,1368422031.5789473,0.0,0.0,0.0,320.0,1.0,0.0,0.0,0.0,0.0,0.0,109.306,True,W1_wheel_overspeed
2026-12-03 12:18:45.417,3.0,-0.02,-0.01,-1.01,-1.7,1.34,-0.06,-22.218,24.0,5.4,7.0,8.0,14.0,15.0,45.0,44.0,12.0,15.0,0.0,1315790484.2105265,0.0,0.0,0.0,320.0,1.0,0.0,0.0,0.0,0.0,0.0,109.606,True,W1_wheel_overspeed
2026-12-03 12:18:45.867,3.0,-0.03,-0.01,-1.01,-0.36,-1.34,0.3,-22.703,24.3,5.1,7.0,8.0,14.0,15.0,45.0,45.0,12.0,15.0,0.0,1263158936.8421052,0.0,0.0,0.0,320.0,1.0,0.0,0.0,0.0,0.0,0.0,110.056,True,W1_wheel_overspeed
2026-12-03 12:18:46.623,3.0,-0.02,-0.01,-1.01,-0.48,0.73,-0.06,-21.735,24.6,4.8,7.0,7.0,14.0,15.0,45.0,45.0,11.0,15.0,0.0,1210527389.4736843,0.0,0.0,0.0,320.0,1.0,0.0,0.0,0.0,0.0,0.0,110.812,True,W1_wheel_overspeed
2026-12-03 12:18:46.969,3.0,-0.02,-0.01,-1.01,-1.52,-0.36,-0.06,-22.46,23.4,5.1,7.0,7.0,14.0,10.0,45.0,44.0,11.0,15.0,0.0,1157895842.105263,0.0,0.0,0.0,320.0,1.0,0.0,0.0,0.0,0.0,0.0,111.158,True,W1_wheel_overspeed
2026-12-03 12:18:47.373,3.0,-0.02,-0.01,-1.01,0.79,2.68,-0.18,-21.976,24.9,5.1,7.0,7.0,15.0,10.0,45.0,45.0,12.0,15.0,0.0,1105264294.7368422,0.0,0.0,0.0,320.0,1.0,0.0,0.0,0.0,0.0,0.0,111.562,True,W1_wheel_overspeed
2026-12-03 12:18:48.123,3.0,-0.02,-0.01,-1.01,-2.13,-0.06,0.18,-21.735,24.0,5.1,7.0,7.0,14.0,15.0,45.0,45.0,12.0,15.0,0.0,1052632747.3684211,0.0,0.0,0.0,320.0,1.0,0.0,0.0,0.0,0.0,0.0,112.312,True,W1_wheel_overspeed
2026-12-03 12:18:48.473,3.0,-0.03,-0.01,-1.01,-0.61,0.97,-0.06,-22.945,24.3,4.2,7.0,7.0,14.0,15.0,46.0,45.0,11.0,15.0,0.0,1000001200.0,0.0,0.0,0.0,320.0,1.0,0.0,0.0,0.0,0.0,0.0,112.662,True,W1_wheel_overspeed
2026-12-03 12:18:48.923,3.0,-0.02,-0.01,-1.01,-0.61,-0.79,-0.06,-21.976,24.9,5.4,7.0,7.0,14.0,10.0,45.0,44.0,11.0,15.0,0.0,947369652.6315789,0.0,0.0,0.0,320.0,1.0,0.0,0.0,0.0,0.0,0.0,113.112,True,W1_wheel_overspeed
2026-12-03 12:18:49.426,3.0,-0.02,-0.01,-1.01,-0.91,1.09,-0.12,-21.735,24.3,5.4,7.0,7.0,15.0,10.0,45.0,45.0,12.0,15.0,0.0,894738105.2631581,0.0,0.0,0.0,320.0,1.0,0.0,0.0,0.0,0.0,0.0,113.615,True,W1_wheel_overspeed
2026-12-03 12:18:49.880,3.0,-0.03,-0.01,-1.01,-0.42,-0.79,15.86,2.375,19.036,7.8,7.0,7.0,11.0,10.0,44.0,44.0,10.0,14.0,87.0,842106557.8947368,0.0,0.0,0.0,320.0,1.0,0.0,0.0,0.0,0.0,0.0,114.069,True,W1_wheel_overspeed
2026-12-03 12:18:50.628,3.0,-0.02,-0.01,-1.01,-0.18,0.42,-5.79,-13.265,-32.7,19.2,7.0,7.0,12.0,11.0,44.0,43.0,15.0,13.0,87.0,789475010.5263157,0.0,0.0,0.0,320.0,1.0,0.0,0.0,0.0,0.0,0.0,114.817,True,W1_wheel_overspeed
2026-12-03 12:18:50.931,3.0,-0.02,-0.01,-1.01,-0.67,-0.3,-10.74,-9.15,-25.936,6.6,6.0,7.0,15.0,10.0,45.0,44.0,11.0,15.0,0.0,736843463.1578946,0.0,0.0,0.0,320.0,1.0,0.0,0.0,0.0,0.0,0.0,115.12,True,W1_wheel_overspeed
2026-12-03 12:18:51.432,3.0,-0.02,-0.01,-1.01,-1.34,0.36,-2.8,8.182,15.464,-13.5,5.0,5.0,13.0,15.0,46.0,46.0,13.0,10.0,0.0,684211915.789474,0.0,0.0,0.0,320.0,1.0,0.0,0.0,0.0,0.0,0.0,115.621,True,W1_wheel_overspeed
2026-12-03 12:18:52.133,3.0,-0.02,-0.01,-1.01,1.7,-1.64,67.38,-16.306,-22.036,-19.8,5.0,6.0,14.0,12.0,44.0,44.0,14.0,12.0,87.0,631580368.4210525,0.0,0.0,0.0,320.0,1.0,0.0,0.0,0.0,0.0,0.0,116.322,True,W1_wheel_overspeed
2026-12-03 12:18:52.483,3.0,-0.02,-0.02,-1.01,-1.95,2.19,70.43,19.268,28.036,-5.1,8.0,7.0,43.0,43.0,21.0,21.0,5.0,5.0,86.0,578948821.0526319,0.0,0.0,0.0,320.0,1.0,0.0,0.0,0.0,0.0,0.0,116.672,True,W1_wheel_overspeed
2026-12-03 12:18:52.881,3.0,-0.02,-0.02,-1.01,-3.84,-1.58,-9.64,13.067,4.036,13.8,9.0,10.0,47.0,47.0,30.0,29.0,5.0,5.0,86.0,526317273.6842103,0.0,0.0,0.0,320.0,1.0,0.0,0.0,0.0,0.0,0.0,117.07,True,W1_wheel_overspeed
2026-12-03 12:18:53.632,3.0,-0.02,-0.02,-1.01,0.3,4.94,-1.52,8.757,-7.2,11.4,9.0,10.0,47.0,47.0,28.0,28.0,5.0,5.0,86.0,473685726.3157897,0.0,0.0,0.0,320.0,1.0,0.0,0.0,0.0,0.0,0.0,117.821,True,W1_wheel_overspeed
2026-12-03 12:18:53.934,3.0,-0.02,-0.02,-1.01,0.42,-5.85,21.78,-1.21,-7.036,-8.1,9.0,11.0,46.0,47.0,29.0,28.0,5.0,5.0,86.0,421054178.9473686,0.0,0.0,0.0,320.0,1.0,0.0,0.0,0.0,0.0,0.0,118.123,True,W1_wheel_overspeed
2026-12-03 12:18:54.387,3.0,-0.02,-0.01,-1.01,2.19,4.69,-66.22,4.506,-14.236,-23.1,9.0,9.0,46.0,47.0,30.0,30.0,5.0,5.0,86.0,368422631.57894754,0.0,0.0,0.0,320.0,1.0,0.0,0.0,0.0,0.0,0.0,118.576,True,W1_wheel_overspeed
2026-12-03 12:18:55.136,3.0,-0.02,-0.01,-1.01,-5.92,-0.67,-31.06,-9.288,-11.4,-10.8,6.0,6.0,22.0,28.0,25.0,25.0,9.0,7.0,87.0,315791084.21052647,0.0,0.0,0.0,320.0,1.0,0.0,0.0,0.0,0.0,0.0,119.325,True,W1_wheel_overspeed
2026-12-03 12:18:55.440,3.0,-0.03,-0.01,-1.01,0.85,0.79,2.62,30.931,10.636,11.4,6.0,6.0,31.0,19.0,27.0,28.0,9.0,8.0,87.0,263159536.8421054,0.0,0.0,0.0,320.0,1.0,0.0,0.0,0.0,0.0,0.0,119.629,True,W1_wheel_overspeed
2026-12-03 12:18:55.886,3.0,-0.02,-0.01,-1.01,-1.83,-1.15,1.7,-3.585,-25.5,18.0,6.0,6.0,31.0,26.0,26.0,26.0,9.0,8.0,87.0,210527989.4736843,0.0,0.0,0.0,320.0,1.0,0.0,0.0,0.0,0.0,0.0,120.075,True,W1_wheel_overspeed
2026-12-03 12:18:56.642,3.0,-0.02,-0.01,-1.01,-0.06,0.85,-3.17,-22.46,-23.236,1.8,6.0,7.0,20.0,27.0,27.0,27.0,9.0,8.0,87.0,157896442.10526323,0.0,0.0,0.0,320.0,1.0,0.0,0.0,0.0,0.0,0.0,120.831,True,W1_wheel_overspeed
2026-12-03 12:18:56.940,3.0,-0.02,-0.01,-1.01,0.12,-0.42,-2.38,-11.661,9.464,-18.0,7.0,8.0,30.0,19.0,25.0,27.0,10.0,8.0,87.0,105264894.73684216,0.0,0.0,0.0,320.0,1.0,0.0,0.0,0.0,0.0,0.0,121.129,True,W1_wheel_overspeed
2026-12-03 12:18:57.392,3.0,-0.03,-0.01,-1.01,-2.56,1.03,1.58,-20.903,30.6,-18.3,7.0,8.0,30.0,19.0,28.0,28.0,10.0,8.0,87.0,52633347.36842108,0.0,0.0,0.0,320.0,1.0,0.0,0.0,0.0,0.0,0.0,121.581,True,W1_wheel_overspeed
2026-12-03 12:18:58.143,3.0,-0.02,-0.01,-1.01,0.06,-0.61,0.85,28.707,28.936,-0.9,8.0,8.0,30.0,19.0,26.0,26.0,9.0,8.0,87.0,1800.0,0.0,0.0,0.0,320.0,1.0,0.0,0.0,0.0,0.0,0.0,122.332,True,W1_wheel_overspeed
2026-12-03 12:18:58.442,3.0,-0.02,-0.01,-1.01,-1.52,0.73,-1.4,22.989,16.336,17.4,7.0,8.0,31.0,26.0,27.0,27.0,10.0,8.0,87.0,1800.0,0.0,0.0,0.0,320.0,1.0,0.0,0.0,0.0,0.0,0.0,122.631,True,W1_wheel_overspeed
2026-12-03 12:18:58.944,3.0,-0.03,-0.01,-1.01,2.25,0.12,-0.54,2.95,7.5,12.3,7.0,8.0,30.0,18.0,26.0,27.0,10.0,8.0,87.0,1800.0,0.0,0.0,0.0,320.0,1.0,0.0,0.0,0.0,0.0,0.0,123.133,True,W1_wheel_overspeed
2026-12-03 12:18:59.644,3.0,-0.02,-0.01,-1.01,-3.9,-0.06,1.7,-16.697,4.964,-8.7,7.0,8.0,30.0,19.0,27.0,28.0,10.0,8.0,87.0,1800.0,0.0,0.0,0.0,320.0,1.0,0.0,0.0,0.0,0.0,0.0,123.833,True,W1_wheel_overspeed
2026-12-03 12:18:59.946,3.0,-0.02,-0.01,-1.01,2.56,0.85,-0.42,0.634,-5.836,-21.9,7.0,8.0,30.0,19.0,27.0,27.0,10.0,8.0,87.0,1800.0,0.0,0.0,0.0,320.0,1.0,0.0,0.0,0.0,0.0,0.0,124.135,True,W1_wheel_overspeed
2026-12-03 12:19:00.398,3.0,-0.02,-0.01,-1.01,-3.41,-0.73,-0.54,-8.077,-10.5,-10.2,7.0,8.0,31.0,19.0,26.0,27.0,10.0,8.0,87.0,1800.0,0.0,0.0,0.0,320.0,1.0,0.0,0.0,0.0,0.0,0.0,124.587,True,W1_wheel_overspeed
2026-12-03 12:19:01.149,3.0,-0.03,-0.01,-1.01,1.83,1.03,-0.12,-28.313,11.836,11.1,7.0,8.0,30.0,19.0,27.0,28.0,10.0,8.0,87.0,1800.0,0.0,0.0,0.0,320.0,1.0,0.0,0.0,0.0,0.0,0.0,125.338,True,W1_wheel_overspeed
2026-12-03 12:19:01.449,3.0,-0.02,-0.01,-1.01,-3.78,-0.97,1.15,-1.891,-19.8,16.2,7.0,8.0,30.0,19.0,27.0,27.0,10.0,8.0,87.0,1800.0,0.0,0.0,0.0,320.0,1.0,0.0,0.0,0.0,0.0,0.0,125.638,True,W1_wheel_overspeed
2026-12-03 12:19:01.900,3.0,-0.03,-0.01,-1.01,1.46,1.46,-0.06,32.186,-13.636,0.0,7.0,8.0,30.0,26.0,27.0,27.0,10.0,8.0,87.0,1800.0,0.0,0.0,0.0,320.0,1.0,0.0,0.0,0.0,0.0,0.0,126.089,True,W1_wheel_overspeed
2026-12-03 12:19:02.648,3.0,-0.02,-0.01,-1.01,-2.07,-1.15,-0.79,-29.086,5.264,-17.4,8.0,9.0,31.0,26.0,27.0,28.0,10.0,8.0,87.0,1800.0,0.0,0.0,0.0,320.0,1.0,0.0,0.0,0.0,0.0,0.0,126.837,True,W1_wheel_overspeed
2026-12-03 12:19:02.999,3.0,-0.02,-0.01,-1.01,0.54,1.52,0.36,-22.355,15.6,-16.8,8.0,9.0,31.0,26.0,29.0,42.0,10.0,8.0,87.0,1800.0,0.0,0.0,0.0,320.0,1.0,0.0,0.0,0.0,0.0,0.0,127.188,True,W1_wheel_overspeed
2026-12-03 12:19:03.398,3.0,-0.02,-0.01,-1.01,-0.67,-1.15,0.79,-7.547,17.836,4.5,8.0,9.0,31.0,26.0,28.0,28.0,10.0,8.0,87.0,1800.0,0.0,0.0,0.0,320.0,1.0,0.0,0.0,0.0,0.0,0.0,127.587,True,W1_wheel_overspeed
2026-12-03 12:19:04.151,3.0,-0.03,-0.01,-1.01,-1.89,1.4,-0.67,-20.282,25.636,19.2,8.0,8.0,31.0,27.0,29.0,29.0,10.0,8.0,87.0,1800.0,0.0,0.0,0.0,320.0,1.0,0.0,0.0,0.0,0.0,0.0,128.34,True,W1_wheel_overspeed
2026-12-03 12:19:04.502,3.0,-0.02,-0.01,-1.01,1.34,-1.09,0.24,-9.392,30.0,6.9,8.0,9.0,31.0,26.0,27.0,28.0,10.0,8.0,87.0,1800.0,0.0,0.0,0.0,320.0,1.0,0.0,0.0,0.0,0.0,0.0,128.691,True,W1_wheel_overspeed
2026-12-03 12:19:04.902,3.0,-0.02,-0.01,-1.01,-3.9,1.09,0.85,10.844,8.564,-13.2,8.0,9.0,31.0,26.0,29.0,29.0,10.0,8.0,87.0,1800.0,0.0,0.0,0.0,320.0,1.0,0.0,0.0,0.0,0.0,0.0,129.091,True,W1_wheel_overspeed
2026-12-03 12:19:05.652,3.0,-0.02,-0.01,-1.01,3.29,-0.79,-0.91,-15.821,-22.936,-20.7,8.0,8.0,31.0,26.0,28.0,28.0,10.0,8.0,87.0,1800.0,0.0,0.0,0.0,320.0,1.0,0.0,0.0,0.0,0.0,0.0,129.841,True,W1_wheel_overspeed
2026-12-03 12:19:05.956,3.0,-0.02,-0.01,-1.01,-4.45,0.48,0.61,13.461,-27.6,-5.1,7.0,8.0,31.0,26.0,28.0,28.0,10.0,9.0,87.0,1800.0,0.0,0.0,0.0,320.0,1.0,0.0,0.0,0.0,0.0,0.0,130.145,True,W1_wheel_overspeed
2026-12-03 12:19:06.405,3.0,-0.03,-0.01,-1.01,3.11,-0.06,0.0,-1.452,12.736,14.1,7.0,8.0,31.0,26.0,28.0,29.0,10.0,8.0,87.0,1800.0,0.0,0.0,0.0,320.0,1.0,0.0,0.0,0.0,0.0,0.0,130.594,True,W1_wheel_overspeed
2026-12-03 12:19:06.952,3.0,-0.02,-0.01,-1.01,-2.8,-0.06,0.36,4.159,-9.6,15.9,8.0,9.0,31.0,26.0,28.0,29.0,10.0,8.0,87.0,1800.0,0.0,0.0,0.0,320.0,1.0,0.0,0.0,0.0,0.0,0.0,131.141,True,W1_wheel_overspeed
2026-12-03 12:19:07.454,3.0,-0.02,-0.01,-1.01,0.18,0.42,-0.12,9.68,-3.136,-3.9,7.0,8.0,31.0,26.0,29.0,29.0,10.0,9.0,87.0,1800.0,0.0,0.0,0.0,320.0,1.0,0.0,0.0,0.0,0.0,0.0,131.643,True,W1_wheel_overspeed
2026-12-03 12:19:07.956,3.0,-0.02,-0.01,-1.01,-8.11,-1.34,0.3,14.429,1.364,-21.0,7.0,8.0,31.0,26.0,27.0,28.0,10.0,9.0,87.0,1800.0,0.0,0.0,0.0,320.0,1.0,0.0,0.0,0.0,0.0,0.0,132.145,True,W1_wheel_overspeed
2026-12-03 12:19:08.407,3.0,-0.02,-0.01,-1.02,7.32,0.18,-0.3,-20.661,1.5,-14.1,8.0,9.0,31.0,26.0,29.0,42.0,10.0,8.0,87.0,1800.0,0.0,0.0,0.0,320.0,1.0,0.0,0.0,0.0,0.0,0.0,132.596,True,W1_wheel_overspeed
2026-12-03 12:19:09.109,3.0,-0.03,-0.01,-1.01,-5.85,0.18,-0.06,17.378,13.636,7.5,8.0,9.0,30.0,19.0,28.0,28.0,10.0,9.0,87.0,1800.0,0.0,0.0,0.0,320.0,1.0,0.0,0.0,0.0,0.0,0.0,133.298,True,W1_wheel_overspeed
2026-12-03 12:19:09.610,3.0,-0.02,-0.01,-1.01,2.13,1.89,0.36,-8.667,-28.8,18.3,8.0,8.0,31.0,26.0,29.0,29.0,10.0,9.0,87.0,1800.0,0.0,0.0,0.0,320.0,1.0,0.0,0.0,0.0,0.0,0.0,133.799,True,W1_wheel_overspeed
2026-12-03 12:19:09.914,3.0,-0.02,-0.01,-1.01,-2.5,-2.01,0.67,-23.67,-22.936,2.1,7.0,8.0,31.0,26.0,27.0,28.0,10.0,9.0,87.0,1800.0,0.0,0.0,0.0,320.0,1.0,0.0,0.0,0.0,0.0,0.0,134.103,True,W1_wheel_overspeed
2026-12-03 12:19:10.360,3.0,-0.03,-0.01,-1.01,0.12,1.83,-0.85,-5.853,9.464,-15.9,8.0,9.0,31.0,26.0,29.0,42.0,10.0,8.0,87.0,1800.0,0.0,0.0,0.0,320.0,1.0,0.0,0.0,0.0,0.0,0.0,134.549,True,W1_wheel_overspeed
2026-12-03 12:19:10.910,3.0,-0.02,-0.01,-1.01,0.54,-0.97,-0.12,-18.241,32.7,-17.7,8.0,8.0,30.0,26.0,29.0,28.0,10.0,9.0,87.0,1800.0,0.0,0.0,0.0,320.0,1.0,0.0,0.0,0.0,0.0,0.0,135.099,True,W1_wheel_overspeed
2026-12-03 12:19:11.362,3.0,-0.03,-0.01,-1.0,-2.56,1.4,0.61,21.688,-32.4,-3.0,8.0,8.0,31.0,26.0,28.0,28.0,10.0,9.0,87.0,1800.0,0.0,0.0,0.0,320.0,1.0,0.0,0.0,0.0,0.0,0.0,135.551,True,W1_wheel_overspeed
2026-12-03 12:19:11.964,3.0,-0.03,-0.01,-1.01,4.08,-1.83,-0.42,14.762,15.736,16.2,8.0,9.0,31.0,26.0,29.0,42.0,10.0,9.0,87.0,1800.0,0.0,0.0,0.0,320.0,1.0,0.0,0.0,0.0,0.0,0.0,136.153,True,W1_wheel_overspeed
2026-12-03 12:19:12.416,3.0,-0.03,-0.01,-1.01,-7.32,1.4,0.85,4.885,6.9,12.3,8.0,9.0,31.0,26.0,42.0,42.0,10.0,9.0,87.0,1800.0,0.0,0.0,0.0,320.0,1.0,0.0,0.0,0.0,0.0,0.0,136.605,True,W1_wheel_overspeed
2026-12-03 12:19:13.117,3.0,-0.02,-0.01,-1.01,4.63,-0.67,0.06,-9.921,3.164,-7.2,8.0,8.0,31.0,27.0,42.0,42.0,10.0,9.0,87.0,1800.0,0.0,0.0,0.0,320.0,1.0,0.0,0.0,0.0,0.0,0.0,137.306,True,W1_wheel_overspeed
2026-12-03 12:19:13.418,3.0,-0.03,-0.01,-1.01,-3.54,0.54,-0.18,1.36,-5.836,-21.6,7.0,8.0,31.0,26.0,29.0,29.0,10.0,9.0,87.0,1800.0,0.0,0.0,0.0,320.0,1.0,0.0,0.0,0.0,0.0,0.0,137.607,True,W1_wheel_overspeed
2026-12-03 12:19:13.918,3.0,-0.03,-0.01,-1.01,0.91,0.0,0.54,-9.045,-10.2,-10.2,8.0,9.0,31.0,26.0,29.0,42.0,10.0,9.0,87.0,1800.0,0.0,0.0,0.0,320.0,1.0,0.0,0.0,0.0,0.0,0.0,138.107,True,W1_wheel_overspeed
2026-12-03 12:19:14.620,3.0,-0.02,-0.01,-1.01,-0.97,-0.06,-0.06,30.204,12.136,12.0,8.0,9.0,31.0,26.0,29.0,42.0,10.0,9.0,87.0,1800.0,0.0,0.0,0.0,320.0,1.0,0.0,0.0,0.0,0.0,0.0,138.809,True,W1_wheel_overspeed
2026-12-03 12:19:14.921,3.0,-0.03,-0.01,-1.01,-0.85,1.52,-0.18,-3.827,-24.6,18.0,8.0,9.0,31.0,27.0,42.0,42.0,10.0,9.0,87.0,1800.0,0.0,0.0,0.0,320.0,1.0,0.0,0.0,0.0,0.0,0.0,139.11,True,W1_wheel_overspeed
2026-12-03 12:19:15.369,3.0,-0.02,-0.01,-1.01,1.64,-1.03,1.03,-31.173,-16.036,0.3,8.0,9.0,31.0,26.0,28.0,29.0,10.0,9.0,87.0,1800.0,0.0,0.0,0.0,320.0,1.0,0.0,0.0,0.0,0.0,0.0,139.558,True,W1_wheel_overspeed
2026-12-03 12:19:16.120,3.0,-0.02,-0.01,-1.01,-2.25,1.34,-0.18,-24.488,6.764,-16.2,8.0,9.0,31.0,26.0,42.0,43.0,10.0,9.0,87.0,1800.0,0.0,0.0,0.0,320.0,1.0,0.0,0.0,0.0,0.0,0.0,140.309,True,W1_wheel_overspeed
2026-12-03 12:19:16.470,3.0,-0.02,-0.01,-1.01,0.36,-1.34,-0.36,-24.049,25.2,-18.6,8.0,9.0,30.0,26.0,29.0,29.0,10.0,9.0,87.0,1800.0,0.0,0.0,0.0,320.0,1.0,0.0,0.0,0.0,0.0,0.0,140.659,True,W1_wheel_overspeed
2026-12-03 12:19:16.871,3.0,-0.03,-0.01,-1.01,-0.85,1.4,0.48,-25.939,24.436,0.9,8.0,9.0,31.0,26.0,42.0,42.0,10.0,9.0,87.0,1800.0,0.0,0.0,0.0,320.0,1.0,0.0,0.0,0.0,0.0,0.0,141.06,True,W1_wheel_overspeed
2026-12-03 12:19:17.621,3.0,-0.02,-0.01,-1.01,0.61,-1.34,-0.24,29.281,17.536,17.4,8.0,9.0,31.0,26.0,29.0,42.0,10.0,9.0,87.0,1800.0,0.0,0.0,0.0,320.0,1.0,0.0,0.0,0.0,0.0,0.0,141.81,True,W1_wheel_overspeed
2026-12-03 12:19:17.922,3.0,-0.02,-0.01,-1.01,-1.28,2.07,0.67,3.675,14.4,12.3,8.0,9.0,31.0,26.0,42.0,42.0,10.0,9.0,87.0,1800.0,0.0,0.0,0.0,320.0,1.0,0.0,0.0,0.0,0.0,0.0,142.111,True,W1_wheel_overspeed
2026-12-03 12:19:18.376,3.0,-0.02,-0.01,-1.01,-0.12,-1.15,0.18,-29.766,7.364,-9.9,8.0,9.0,30.0,26.0,42.0,42.0,10.0,9.0,87.0,1800.0,0.0,0.0,0.0,320.0,1.0,0.0,0.0,0.0,0.0,0.0,142.565,True,W1_wheel_overspeed
2026-12-03 12:19:19.123,3.0,-0.02,-0.01,-1.01,-0.97,1.64,-0.06,-8.562,-14.236,-21.0,8.0,9.0,31.0,26.0,29.0,29.0,10.0,9.0,87.0,1800.0,0.0,0.0,0.0,320.0,1.0,0.0,0.0,0.0,0.0,0.0,143.312,True,W1_wheel_overspeed
2026-12-03 12:19:19.574,3.0,-0.02,-0.01,-1.01,-0.36,-0.79,-15.8,1.74,-24.9,15.6,8.0,9.0,29.0,18.0,42.0,43.0,11.0,9.0,87.0,1800.0,0.0,0.0,0.0,320.0,1.0,0.0,0.0,0.0,0.0,0.0,143.763,True,W1_wheel_overspeed
2026-12-03 12:19:19.925,3.0,-0.03,-0.01,-1.01,0.73,1.4,0.06,-0.923,-19.8,18.9,7.0,8.0,19.0,15.0,44.0,44.0,12.0,10.0,87.0,1800.0,0.0,0.0,0.0,320.0,1.0,0.0,0.0,0.0,0.0,0.0,144.114,True,W1_wheel_overspeed
2026-12-03 12:19:20.626,3.0,-0.02,-0.01,-1.01,-2.31,-0.18,8.72,-0.923,-21.3,18.3,8.0,8.0,27.0,18.0,44.0,43.0,12.0,10.0,87.0,1800.0,0.0,0.0,0.0,320.0,1.0,0.0,0.0,0.0,0.0,0.0,144.815,True,W1_wheel_overspeed
2026-12-03 12:19:20.926,3.0,-0.03,-0.01,-1.01,1.52,0.36,3.9,-1.891,-22.8,18.3,8.0,8.0,31.0,26.0,29.0,29.0,10.0,9.0,87.0,1800.0,0.0,0.0,0.0,320.0,1.0,0.0,0.0,0.0,0.0,0.0,145.115,True,W1_wheel_overspeed
2026-12-03 12:19:21.380,3.0,-0.02,-0.01,-1.01,-3.29,0.0,-3.11,-0.68,-22.5,19.5,7.0,9.0,31.0,26.0,42.0,43.0,11.0,9.0,87.0,1800.0,0.0,0.0,0.0,320.0,1.0,0.0,0.0,0.0,0.0,0.0,145.569,True,W1_wheel_overspeed
2026-12-03 12:19:22.132,3.0,-0.02,-0.01,-1.01,2.62,-0.12,-2.56,-1.648,-21.9,17.7,8.0,9.0,29.0,18.0,42.0,43.0,11.0,9.0,87.0,1800.0,0.0,0.0,0.0,320.0,1.0,0.0,0.0,0.0,0.0,0.0,146.321,True,W1_wheel_overspeed
2026-12-03 12:19:22.433,3.0,-0.02,-0.01,-1.01,-3.41,0.54,2.62,-0.68,-22.8,18.0,8.0,8.0,29.0,19.0,43.0,43.0,11.0,10.0,87.0,1800.0,0.0,0.0,0.0,320.0,1.0,0.0,0.0,0.0,0.0,0.0,146.622,True,W1_wheel_overspeed
2026-12-03 12:19:22.882,3.0,-0.02,-0.01,-1.01,2.5,-1.4,0.91,-1.164,-22.5,17.7,8.0,9.0,30.0,19.0,29.0,42.0,11.0,9.0,87.0,1800.0,0.0,0.0,0.0,320.0,1.0,0.0,0.0,0.0,0.0,0.0,147.071,True,W1_wheel_overspeed
2026-12-03 12:19:23.637,3.0,-0.02,-0.01,-1.01,-3.11,0.85,-2.01,-1.407,-22.8,18.3,7.0,9.0,30.0,19.0,42.0,43.0,11.0,9.0,87.0,1800.0,0.0,0.0,0.0,320.0,1.0,0.0,0.0,0.0,0.0,0.0,147.826,True,W1_wheel_overspeed
2026-12-03 12:19:23.934,3.0,-0.02,-0.01,-1.01,1.58,-1.22,-0.67,-0.439,-21.3,18.9,8.0,9.0,29.0,19.0,42.0,43.0,11.0,9.0,87.0,1800.0,0.0,0.0,0.0,320.0,1.0,0.0,0.0,0.0,0.0,0.0,148.123,True,W1_wheel_overspeed
2026-12-03 12:19:24.433,3.0,-0.02,-0.01,-1.01,-0.24,0.3,1.95,-0.923,-22.2,18.0,8.0,9.0,29.0,19.0,42.0,42.0,11.0,9.0,87.0,1800.0,0.0,0.0,0.0,320.0,1.0,0.0,0.0,0.0,0.0,0.0,148.622,True,W1_wheel_overspeed
2026-12-03 12:19:25.136,3.0,-0.02,-0.01,-1.01,-2.8,-1.52,-0.12,-1.648,-21.9,18.9,8.0,9.0,30.0,19.0,42.0,42.0,11.0,9.0,87.0,1800.0,0.0,0.0,0.0,320.0,1.0,0.0,0.0,0.0,0.0,0.0,149.325,True,W1_wheel_overspeed
2026-12-03 12:19:25.486,3.0,-0.02,-0.01,-1.01,0.67,1.77,-1.52,-2.375,-22.2,18.6,8.0,9.0,29.0,19.0,42.0,43.0,11.0,9.0,87.0,1800.0,0.0,0.0,0.0,320.0,1.0,0.0,0.0,0.0,0.0,0.0,149.675,True,W1_wheel_overspeed
2026-12-03 12:19:25.938,3.0,-0.02,-0.01,-1.01,-0.3,-1.89,0.24,-0.923,-22.2,18.3,8.0,9.0,29.0,19.0,43.0,43.0,11.0,9.0,87.0,1800.0,0.0,0.0,0.0,320.0,1.0,0.0,0.0,0.0,0.0,0.0,150.127,True,W1_wheel_overspeed
2026-12-03 12:19:26.637,3.0,-0.02,-0.01,-1.01,-1.58,1.46,1.09,-0.68,-22.2,18.3,8.0,8.0,29.0,19.0,29.0,29.0,11.0,9.0,87.0,1800.0,0.0,0.0,0.0,320.0,1.0,0.0,0.0,0.0,0.0,0.0,150.826,True,W1_wheel_overspeed
2026-12-03 12:19:26.988,3.0,-0.02,-0.01,-1.01,0.79,-1.22,-0.67,-1.407,-22.5,18.6,8.0,8.0,30.0,19.0,42.0,43.0,11.0,9.0,87.0,1800.0,0.0,0.0,0.0,320.0,1.0,0.0,0.0,0.0,0.0,0.0,151.177,True,W1_wheel_overspeed
2026-12-03 12:19:27.389,3.0,-0.02,-0.01,-1.01,-1.95,1.58,-0.67,-0.68,-22.5,18.3,8.0,9.0,29.0,18.0,42.0,42.0,11.0,9.0,87.0,1800.0,0.0,0.0,0.0,320.0,1.0,0.0,0.0,0.0,0.0,0.0,151.578,True,W1_wheel_overspeed
2026-12-03 12:19:28.142,3.0,-0.02,-0.01,-1.01,0.48,-1.03,0.79,-0.68,-23.4,18.3,8.0,8.0,29.0,19.0,43.0,43.0,11.0,9.0,87.0,1800.0,0.0,0.0,0.0,320.0,1.0,0.0,0.0,0.0,0.0,0.0,152.331,True,W1_wheel_overspeed
2026-12-03 12:19:28.440,3.0,-0.03,-0.01,-1.01,-0.48,1.15,0.48,-2.375,-22.2,18.0,8.0,8.0,30.0,19.0,42.0,42.0,11.0,9.0,87.0,1800.0,0.0,0.0,0.0,320.0,1.0,0.0,0.0,0.0,0.0,0.0,152.629,True,W1_wheel_overspeed
2026-12-03 12:19:28.942,3.0,-0.02,-0.01,-1.01,-1.77,-0.42,-0.61,-1.164,-22.5,18.9,8.0,9.0,30.0,19.0,42.0,43.0,11.0,9.0,87.0,1800.0,0.0,0.0,0.0,320.0,1.0,0.0,0.0,0.0,0.0,0.0,153.131,True,W1_wheel_overspeed
2026-12-03 12:19:29.644,3.0,-0.02,-0.01,-1.01,0.18,0.3,-0.3,-2.133,-21.9,18.9,8.0,9.0,29.0,19.0,42.0,43.0,11.0,9.0,87.0,1800.0,0.0,0.0,0.0,320.0,1.0,0.0,0.0,0.0,0.0,0.0,153.833,True,W1_wheel_overspeed
2026-12-03 12:19:29.993,3.0,-0.03,-0.01,-1.01,-2.13,0.18,0.79,-1.164,-21.6,18.3,8.0,9.0,29.0,19.0,42.0,42.0,11.0,9.0,87.0,1800.0,0.0,0.0,0.0,320.0,1.0,0.0,0.0,0.0,0.0,0.0,154.182,True,W1_wheel_overspeed
2026-12-03 12:19:30.396,3.0,-0.02,-0.01,-1.01,1.15,-0.06,-0.48,-1.407,-22.5,18.3,8.0,8.0,30.0,19.0,42.0,42.0,11.0,9.0,87.0,1800.0,0.0,0.0,0.0,320.0,1.0,0.0,0.0,0.0,0.0,0.0,154.585,True,W1_wheel_overspeed
2026-12-03 12:19:31.148,3.0,-0.02,-0.01,-1.01,-1.77,0.48,-0.36,-1.407,-21.3,18.3,8.0,9.0,29.0,18.0,29.0,43.0,11.0,9.0,87.0,1800.0,0.0,0.0,0.0,320.0,1.0,0.0,0.0,0.0,0.0,0.0,155.337,True,W1_wheel_overspeed
2026-12-03 12:19:31.447,3.0,-0.02,-0.01,-1.01,0.12,-0.73,0.24,-0.923,-21.6,18.3,8.0,9.0,29.0,19.0,43.0,43.0,11.0,9.0,87.0,1800.0,0.0,0.0,0.0,320.0,1.0,0.0,0.0,0.0,0.0,0.0,155.636,True,W1_wheel_overspeed
2026-12-03 12:19:31.898,3.0,-0.02,-0.01,-1.01,-1.46,1.15,0.48,-0.923,-22.5,18.0,8.0,8.0,29.0,19.0,42.0,42.0,11.0,9.0,87.0,1800.0,0.0,0.0,0.0,320.0,1.0,0.0,0.0,0.0,0.0,0.0,156.087,True,W1_wheel_overspeed
2026-12-03 12:19:32.651,3.0,-0.02,-0.01,-1.01,-2.92,-0.91,0.06,-1.891,-22.2,18.0,8.0,8.0,29.0,19.0,42.0,42.0,11.0,9.0,87.0,1800.0,0.0,0.0,0.0,320.0,1.0,0.0,0.0,0.0,0.0,0.0,156.84,True,W1_wheel_overspeed
2026-12-03 12:19:32.950,3.0,-0.02,-0.01,-1.01,1.52,0.73,-0.73,-1.164,-22.5,18.9,7.0,9.0,30.0,19.0,29.0,43.0,11.0,9.0,87.0,1800.0,0.0,0.0,0.0,320.0,1.0,0.0,0.0,0.0,0.0,0.0,157.139,True,W1_wheel_overspeed
2026-12-03 12:19:33.401,3.0,-0.02,-0.01,-1.01,-2.38,-0.54,0.36,-0.439,-22.8,18.3,8.0,9.0,29.0,18.0,42.0,43.0,11.0,9.0,87.0,1800.0,0.0,0.0,0.0,320.0,1.0,0.0,0.0,0.0,0.0,0.0,157.59,True,W1_wheel_overspeed
2026-12-03 12:19:34.155,3.0,-0.02,-0.01,-1.01,1.15,0.73,36.19,-32.669,5.864,-15.0,8.0,9.0,22.0,30.0,28.0,28.0,9.0,8.0,87.0,1800.0,0.0,0.0,0.0,320.0,1.0,0.0,0.0,0.0,0.0,0.0,158.344,True,W1_wheel_overspeed
2026-12-03 12:19:34.454,3.0,-0.02,-0.01,-1.01,-1.22,-0.12,-2.68,1.602,27.736,-5.1,8.0,9.0,28.0,24.0,25.0,25.0,7.0,6.0,86.0,1800.0,0.0,0.0,0.0,320.0,1.0,0.0,0.0,0.0,0.0,0.0,158.643,True,W1_wheel_overspeed
2026-12-03 12:19:34.955,3.0,-0.02,-0.01,-1.01,-0.36,-0.24,-21.36,-3.1,-0.3,15.3,8.0,9.0,23.0,29.0,28.0,29.0,9.0,7.0,87.0,1800.0,0.0,0.0,0.0,320.0,1.0,0.0,0.0,0.0,0.0,0.0,159.144,True,W1_wheel_overspeed
2026-12-03 12:19:35.657,3.0,-0.03,-0.01,-1.01,-0.97,0.48,-15.86,-24.245,-0.136,-20.1,8.0,9.0,26.0,16.0,43.0,44.0,12.0,10.0,87.0,1800.0,0.0,0.0,0.0,320.0,1.0,0.0,0.0,0.0,0.0,0.0,159.846,True,W1_wheel_overspeed
2026-12-03 12:19:36.009,3.0,-0.02,-0.01,-1.01,-0.3,-0.54,1.83,-21.584,15.736,6.3,8.0,8.0,18.0,15.0,46.0,45.0,13.0,11.0,87.0,1800.0,0.0,0.0,0.0,320.0,1.0,0.0,0.0,0.0,0.0,0.0,160.198,True,W1_wheel_overspeed
2026-12-03 12:19:36.460,3.0,-0.02,-0.01,-1.01,0.18,0.91,11.71,-0.923,-22.036,6.6,8.0,8.0,27.0,17.0,42.0,43.0,12.0,10.0,87.0,1800.0,0.0,0.0,0.0,320.0,1.0,0.0,0.0,0.0,0.0,0.0,160.649,True,W1_wheel_overspeed
2026-12-03 12:19:36.959,3.0,-0.02,-0.01,-1.01,-1.34,-0.85,6.1,-3.237,-28.036,-20.7,8.0,9.0,30.0,19.0,42.0,43.0,11.0,9.0,87.0,1800.0,0.0,0.0,0.0,320.0,1.0,0.0,0.0,0.0,0.0,0.0,161.148,True,W1_wheel_overspeed
2026-12-03 12:19:37.409,3.0,-0.02,-0.01,-1.01,0.24,1.22,-3.29,29.479,13.936,12.3,8.0,9.0,30.0,26.0,42.0,42.0,10.0,9.0,87.0,1800.0,0.0,0.0,0.0,320.0,1.0,0.0,0.0,0.0,0.0,0.0,161.598,True,W1_wheel_overspeed
2026-12-03 12:19:37.911,3.0,-0.02,-0.01,-1.01,-1.83,-0.97,-3.84,-19.799,-6.736,1.2,8.0,9.0,29.0,19.0,43.0,42.0,11.0,9.0,87.0,1800.0,0.0,0.0,0.0,320.0,1.0,0.0,0.0,0.0,0.0,0.0,162.1,True,W1_wheel_overspeed
2026-12-03 12:19:38.413,3.0,-0.02,-0.01,-1.01,2.01,0.85,1.7,-18.483,12.6,-18.3,8.0,9.0,28.0,18.0,42.0,43.0,11.0,10.0,87.0,1800.0,0.0,0.0,0.0,320.0,1.0,0.0,0.0,0.0,0.0,0.0,162.602,True,W1_wheel_overspeed
2026-12-03 12:19:38.863,3.0,-0.02,-0.01,-1.01,-2.92,-0.79,3.6,16.455,27.436,19.2,8.0,9.0,29.0,18.0,42.0,43.0,11.0,9.0,87.0,1800.0,0.0,0.0,0.0,320.0,1.0,0.0,0.0,0.0,0.0,0.0,163.052,True,W1_wheel_overspeed
2026-12-03 12:19:39.417,3.0,-0.02,-0.01,-1.01,1.46,0.42,-2.07,-9.921,10.064,-12.0,8.0,9.0,29.0,19.0,43.0,42.0,11.0,9.0,87.0,1800.0,0.0,0.0,0.0,320.0,1.0,0.0,0.0,0.0,0.0,0.0,163.606,True,W1_wheel_overspeed
2026-12-03 12:19:39.865,3.0,-0.02,-0.01,-1.01,-2.92,-0.97,-0.67,-11.465,-25.5,-8.1,8.0,9.0,29.0,19.0,42.0,42.0,11.0,10.0,87.0,1800.0,0.0,0.0,0.0,320.0,1.0,0.0,0.0,0.0,0.0,0.0,164.054,True,W1_wheel_overspeed
2026-12-03 12:19:40.417,3.0,-0.03,0.0,-1.01,1.58,1.22,2.25,-7.698,-6.0,16.5,8.0,9.0,29.0,18.0,42.0,43.0,11.0,9.0,87.0,1800.0,0.0,0.0,0.0,320.0,1.0,0.0,0.0,0.0,0.0,0.0,164.606,True,W1_wheel_overspeed
2026-12-03 12:19:40.867,3.0,-0.02,-0.01,-1.01,-3.47,-0.3,1.03,-12.145,1.064,-18.3,8.0,9.0,29.0,18.0,42.0,43.0,11.0,9.0,87.0,1800.0,0.0,0.0,0.0,320.0,1.0,0.0,0.0,0.0,0.0,0.0,165.056,True,W1_wheel_overspeed
2026-12-03 12:19:41.768,3.0,-0.03,-0.01,-1.01,2.19,0.61,-1.7,-30.78,14.836,3.0,8.0,9.0,29.0,19.0,43.0,43.0,11.0,9.0,87.0,1800.0,0.0,0.0,0.0,320.0,1.0,0.0,0.0,0.0,0.0,0.0,165.957,True,W1_wheel_overspeed
2026-12-03 12:19:42.071,3.0,-0.02,-0.01,-1.01,-2.38,-0.3,-20.99,-32.474,-14.1,-7.2,7.0,8.0,12.0,12.0,47.0,47.0,10.0,14.0,87.0,1800.0,0.0,0.0,0.0,320.0,1.0,0.0,0.0,0.0,0.0,0.0,166.26,True,W1_wheel_overspeed
2026-12-03 12:19:42.419,3.0,-0.02,-0.01,-1.01,0.85,0.06,12.02,31.611,-17.1,-4.8,7.0,8.0,11.0,11.0,30.0,31.0,11.0,14.0,87.0,1800.0,0.0,0.0,0.0,320.0,1.0,0.0,0.0,0.0,0.0,0.0,166.608,True,W1_wheel_overspeed
2026-12-03 12:19:43.123,3.0,-0.03,-0.01,-1.01,-0.54,0.0,20.01,29.433,-10.5,-8.1,7.0,8.0,18.0,15.0,45.0,45.0,13.0,11.0,87.0,1800.0,0.0,0.0,0.0,320.0,1.0,0.0,0.0,0.0,0.0,0.0,167.312,True,W1_wheel_overspeed
2026-12-03 12:19:43.423,3.0,-0.03,-0.01,-1.01,0.24,0.36,12.08,30.401,-13.2,-8.7,8.0,8.0,30.0,26.0,42.0,42.0,10.0,9.0,87.0,1800.0,0.0,0.0,0.0,320.0,1.0,0.0,0.0,0.0,0.0,0.0,167.612,True,W1_wheel_overspeed
2026-12-03 12:19:43.874,3.0,-0.02,-0.01,-1.01,-2.38,0.61,-4.39,30.158,-14.4,-9.0,8.0,9.0,20.0,28.0,28.0,28.0,10.0,8.0,87.0,1800.0,0.0,0.0,0.0,320.0,1.0,0.0,0.0,0.0,0.0,0.0,168.063,True,W1_wheel_overspeed
2026-12-03 12:19:44.626,3.0,-0.03,-0.01,-1.01,1.77,-0.97,-9.21,30.642,-12.9,-8.7,7.0,9.0,29.0,18.0,42.0,43.0,11.0,9.0,87.0,1800.0,0.0,0.0,0.0,320.0,1.0,0.0,0.0,0.0,0.0,0.0,168.815,True,W1_wheel_overspeed
2026-12-03 12:19:44.929,3.0,-0.02,-0.01,-1.01,-2.31,0.24,-2.5,29.917,-11.4,-9.3,8.0,9.0,26.0,16.0,44.0,44.0,12.0,10.0,87.0,1800.0,0.0,0.0,0.0,320.0,1.0,0.0,0.0,0.0,0.0,0.0,169.118,True,W1_wheel_overspeed
2026-12-03 12:19:45.376,3.0,-0.02,-0.01,-1.01,0.79,-0.54,4.02,30.401,-12.0,-8.7,8.0,8.0,27.0,17.0,44.0,43.0,12.0,10.0,87.0,1800.0,0.0,0.0,0.0,320.0,1.0,0.0,0.0,0.0,0.0,0.0,169.565,True,W1_wheel_overspeed
2026-12-03 12:19:46.128,3.0,-0.03,-0.01,-1.01,-1.89,1.09,2.01,30.401,-12.0,-9.3,8.0,8.0,29.0,18.0,42.0,43.0,11.0,10.0,87.0,1800.0,0.0,0.0,0.0,320.0,1.0,0.0,0.0,0.0,0.0,0.0,170.317,True,W1_wheel_overspeed
2026-12-03 12:19:46.431,3.0,-0.03,-0.01,-1.01,0.36,-0.61,-2.38,30.401,-12.6,-9.0,8.0,9.0,28.0,18.0,42.0,43.0,11.0,10.0,87.0,1800.0,0.0,0.0,0.0,320.0,1.0,0.0,0.0,0.0,0.0,0.0,170.62,True,W1_wheel_overspeed
2026-12-03 12:19:46.884,3.0,-0.03,-0.01,-1.01,0.18,0.48,-1.15,30.401,-12.3,-9.0,8.0,8.0,27.0,17.0,43.0,44.0,12.0,10.0,87.0,1800.0,0.0,0.0,0.0,320.0,1.0,0.0,0.0,0.0,0.0,0.0,171.073,True,W1_wheel_overspeed
2026-12-03 12:19:47.637,3.0,-0.03,-0.01,-1.01,-1.09,-0.61,2.01,30.885,-12.3,-8.4,8.0,8.0,28.0,18.0,43.0,42.0,11.0,10.0,87.0,1800.0,0.0,0.0,0.0,320.0,1.0,0.0,0.0,0.0,0.0,0.0,171.826,True,W1_wheel_overspeed
2026-12-03 12:19:47.987,3.0,-0.02,-0.01,-1.01,0.0,0.97,0.18,29.917,-12.3,-9.0,7.0,8.0,29.0,18.0,42.0,43.0,11.0,10.0,87.0,1800.0,0.0,0.0,0.0,320.0,1.0,0.0,0.0,0.0,0.0,0.0,172.176,True,W1_wheel_overspeed
2026-12-03 12:19:48.388,3.0,-0.02,-0.01,-1.01,-1.03,-0.54,-1.4,31.368,-12.3,-9.0,7.0,8.0,28.0,17.0,42.0,43.0,11.0,10.0,87.0,1800.0,0.0,0.0,0.0,320.0,1.0,0.0,0.0,0.0,0.0,0.0,172.577,True,W1_wheel_overspeed
2026-12-03 12:19:49.139,3.0,-0.02,-0.01,-1.01,0.36,0.79,0.06,30.401,-12.3,-8.7,8.0,8.0,27.0,17.0,44.0,44.0,11.0,10.0,87.0,1800.0,0.0,0.0,0.0,320.0,1.0,0.0,0.0,0.0,0.0,0.0,173.328,True,W1_wheel_overspeed
2026-12-03 12:19:49.441,3.0,-0.02,-0.01,-1.01,-1.03,-0.36,1.28,31.127,-12.6,-9.3,7.0,8.0,28.0,18.0,42.0,42.0,11.0,10.0,87.0,1800.0,0.0,0.0,0.0,320.0,1.0,0.0,0.0,0.0,0.0,0.0,173.63,True,W1_wheel_overspeed
2026-12-03 12:19:49.889,3.0,-0.02,-0.01,-1.01,-0.54,0.67,-0.54,30.158,-12.3,-8.1,7.0,8.0,28.0,18.0,43.0,44.0,12.0,10.0,87.0,1800.0,0.0,0.0,0.0,320.0,1.0,0.0,0.0,0.0,0.0,0.0,174.078,True,W1_wheel_overspeed
2026-12-03 12:19:50.642,3.0,-0.03,-0.01,-1.01,-0.12,-0.36,-0.79,30.642,-12.0,-8.7,7.0,8.0,28.0,17.0,43.0,43.0,11.0,10.0,87.0,1800.0,0.0,0.0,0.0,320.0,1.0,0.0,0.0,0.0,0.0,0.0,174.831,True,W1_wheel_overspeed
2026-12-03 12:19:50.941,3.0,-0.02,-0.01,-1.01,-1.15,0.91,0.85,30.401,-12.3,-8.7,7.0,8.0,27.0,18.0,43.0,43.0,11.0,10.0,87.0,1800.0,0.0,0.0,0.0,320.0,1.0,0.0,0.0,0.0,0.0,0.0,175.13,True,W1_wheel_overspeed
2026-12-03 12:19:51.392,3.0,-0.02,-0.01,-1.01,1.4,-0.48,0.3,29.917,-12.9,-9.0,7.0,8.0,28.0,18.0,42.0,42.0,11.0,10.0,87.0,1800.0,0.0,0.0,0.0,320.0,1.0,0.0,0.0,0.0,0.0,0.0,175.581,True,W1_wheel_overspeed
2026-12-03 12:19:52.143,3.0,-0.02,-0.01,-1.01,-4.39,0.48,-0.54,31.368,-12.6,-7.8,7.0,8.0,28.0,17.0,42.0,43.0,12.0,10.0,87.0,1800.0,0.0,0.0,0.0,320.0,1.0,0.0,0.0,0.0,0.0,0.0,176.332,True,W1_wheel_overspeed
2026-12-03 12:19:52.442,3.0,-0.02,-0.01,-1.01,4.57,-0.3,-0.42,31.127,-12.6,-9.0,6.0,7.0,28.0,17.0,43.0,44.0,12.0,10.0,87.0,1800.0,0.0,0.0,0.0,320.0,1.0,0.0,0.0,0.0,0.0,0.0,176.631,True,W1_wheel_overspeed
2026-12-03 12:19:52.944,3.0,-0.03,-0.01,-1.01,-5.12,0.42,1.03,30.401,-12.6,-9.0,5.0,6.0,28.0,18.0,43.0,43.0,12.0,10.0,87.0,1800.0,0.0,0.0,0.0,320.0,1.0,0.0,0.0,0.0,0.0,0.0,177.133,True,W1_wheel_overspeed
2026-12-03 12:19:53.645,3.0,-0.02,-0.01,-1.04,10.98,5.67,-0.97,29.917,-12.6,-8.4,5.0,6.0,28.0,18.0,43.0,43.0,8.0,7.0,87.0,1800.0,0.0,0.0,0.0,320.0,1.0,0.0,0.0,0.0,0.0,0.0,177.834,True,W1_wheel_overspeed
2026-12-03 12:19:53.995,3.0,-0.05,-0.01,-1.0,-6.46,-0.36,16.96,31.852,-11.4,-9.0,5.0,4.0,29.0,18.0,29.0,42.0,7.0,3.0,87.0,1800.0,0.0,0.0,0.0,320.0,1.0,0.0,0.0,0.0,0.0,0.0,178.184,True,W1_wheel_overspeed
2026-12-03 12:19:54.393,3.0,-0.01,0.11,-1.13,11.71,-43.82,-4.51,32.336,-9.3,-9.6,5.0,2.0,27.0,16.0,24.0,25.0,11.0,7.0,87.0,1800.0,0.0,0.0,0.0,320.0,1.0,0.0,0.0,0.0,0.0,0.0,178.582,True,W1_wheel_overspeed
2026-12-03 12:19:55.146,3.0,0.1,0.14,-0.95,2.62,18.98,-1.52,32.579,-1.8,-14.1,5.0,2.0,15.0,12.0,24.0,23.0,8.0,6.0,87.0,1800.0,0.0,0.0,0.0,320.0,1.0,0.0,0.0,0.0,0.0,0.0,179.335,True,W1_wheel_overspeed
2026-12-03 12:19:55.448,3.0,0.07,0.17,-0.95,2.01,1.22,8.42,-31.021,-1.8,-13.2,5.0,2.0,14.0,12.0,20.0,31.0,7.0,6.0,87.0,1800.0,0.0,0.0,0.0,320.0,1.0,0.0,0.0,0.0,0.0,0.0,179.637,True,W1_wheel_overspeed
2026-12-03 12:19:55.901,3.0,0.11,0.24,-1.03,0.73,-2.38,-8.78,-29.57,-0.9,-14.4,5.0,2.0,14.0,12.0,21.0,20.0,8.0,6.0,87.0,1800.0,0.0,0.0,0.0,320.0,1.0,0.0,0.0,0.0,0.0,0.0,180.09,True,W1_wheel_overspeed
